client_id,feature,importance,model,exog_setting
313,lag_t1,0.02797887660562992,xgboost_exog_past_weather,past_exog_context_only
313,lag_t2,0.002129514701664448,xgboost_exog_past_weather,past_exog_context_only
313,lag_t3,0.0007816100842319429,xgboost_exog_past_weather,past_exog_context_only
313,lag_t6,0.0006834084633737803,xgboost_exog_past_weather,past_exog_context_only
313,lag_t12,0.0012172742281109095,xgboost_exog_past_weather,past_exog_context_only
313,lag_t24,0.5056397318840027,xgboost_exog_past_weather,past_exog_context_only
313,lag_t48,0.2975241243839264,xgboost_exog_past_weather,past_exog_context_only
313,lag_t168,0.08211763948202133,xgboost_exog_past_weather,past_exog_context_only
313,roll_24,0.00909795705229044,xgboost_exog_past_weather,past_exog_context_only
313,roll_168,0.0013859402388334274,xgboost_exog_past_weather,past_exog_context_only
313,exog_temperature_2m_lag1,0.0004815284046344459,xgboost_exog_past_weather,past_exog_context_only
313,exog_temperature_2m_lag24,0.0005254079587757587,xgboost_exog_past_weather,past_exog_context_only
313,exog_temperature_2m_lag168,0.0005309393163770437,xgboost_exog_past_weather,past_exog_context_only
313,exog_temperature_2m_roll24,0.0005722882342524827,xgboost_exog_past_weather,past_exog_context_only
313,exog_temperature_2m_roll168,0.0006312779150903225,xgboost_exog_past_weather,past_exog_context_only
313,exog_relative_humidity_2m_lag1,0.000537231913767755,xgboost_exog_past_weather,past_exog_context_only
313,exog_relative_humidity_2m_lag24,0.0005212402902543545,xgboost_exog_past_weather,past_exog_context_only
313,exog_relative_humidity_2m_lag168,0.0006211361032910645,xgboost_exog_past_weather,past_exog_context_only
313,exog_relative_humidity_2m_roll24,0.0006438359851017594,xgboost_exog_past_weather,past_exog_context_only
313,exog_relative_humidity_2m_roll168,0.000829866505227983,xgboost_exog_past_weather,past_exog_context_only
313,exog_precipitation_lag1,0.0004837601154576987,xgboost_exog_past_weather,past_exog_context_only
313,exog_precipitation_lag24,0.0003554473223630339,xgboost_exog_past_weather,past_exog_context_only
313,exog_precipitation_lag168,0.00041376182343810797,xgboost_exog_past_weather,past_exog_context_only
313,exog_precipitation_roll24,0.0006708193686790764,xgboost_exog_past_weather,past_exog_context_only
313,exog_precipitation_roll168,0.0006661983206868172,xgboost_exog_past_weather,past_exog_context_only
313,exog_heating_degree_lag1,0.00048775080358609557,xgboost_exog_past_weather,past_exog_context_only
313,exog_heating_degree_lag24,0.0005273849237710238,xgboost_exog_past_weather,past_exog_context_only
313,exog_heating_degree_lag168,0.0006455240654759109,xgboost_exog_past_weather,past_exog_context_only
313,exog_heating_degree_roll24,0.0008058762177824974,xgboost_exog_past_weather,past_exog_context_only
313,exog_heating_degree_roll168,0.0007956481422297657,xgboost_exog_past_weather,past_exog_context_only
313,exog_cooling_degree_lag1,0.0003858701966237277,xgboost_exog_past_weather,past_exog_context_only
313,exog_cooling_degree_lag24,0.00031813362147659063,xgboost_exog_past_weather,past_exog_context_only
313,exog_cooling_degree_lag168,0.0003505114291328937,xgboost_exog_past_weather,past_exog_context_only
313,exog_cooling_degree_roll24,0.00037526703090406954,xgboost_exog_past_weather,past_exog_context_only
313,exog_cooling_degree_roll168,0.0005600865697488189,xgboost_exog_past_weather,past_exog_context_only
313,exog_hour_lag1,0.003249663859605789,xgboost_exog_past_weather,past_exog_context_only
313,exog_hour_lag24,0.003102939808741212,xgboost_exog_past_weather,past_exog_context_only
313,exog_hour_lag168,0.0028335880488157272,xgboost_exog_past_weather,past_exog_context_only
313,exog_hour_roll24,0.0,xgboost_exog_past_weather,past_exog_context_only
313,exog_hour_roll168,0.0,xgboost_exog_past_weather,past_exog_context_only
313,exog_day_of_week_lag1,0.0006840754067525268,xgboost_exog_past_weather,past_exog_context_only
313,exog_day_of_week_lag24,0.0004889061092399061,xgboost_exog_past_weather,past_exog_context_only
313,exog_day_of_week_lag168,0.0005720652407035232,xgboost_exog_past_weather,past_exog_context_only
313,exog_day_of_week_roll24,0.00048376768245361745,xgboost_exog_past_weather,past_exog_context_only
313,exog_day_of_week_roll168,0.0,xgboost_exog_past_weather,past_exog_context_only
313,exog_month_lag1,0.001035971101373434,xgboost_exog_past_weather,past_exog_context_only
313,exog_month_lag24,0.0008726760279387236,xgboost_exog_past_weather,past_exog_context_only
313,exog_month_lag168,0.000989370048046112,xgboost_exog_past_weather,past_exog_context_only
313,exog_month_roll24,0.000995405949652195,xgboost_exog_past_weather,past_exog_context_only
313,exog_month_roll168,0.0010683465516194701,xgboost_exog_past_weather,past_exog_context_only
313,exog_is_weekend_lag1,0.0,xgboost_exog_past_weather,past_exog_context_only
313,exog_is_weekend_lag24,0.0,xgboost_exog_past_weather,past_exog_context_only
313,exog_is_weekend_lag168,0.0,xgboost_exog_past_weather,past_exog_context_only
313,exog_is_weekend_roll24,0.0007445025257766247,xgboost_exog_past_weather,past_exog_context_only
313,exog_is_weekend_roll168,0.0,xgboost_exog_past_weather,past_exog_context_only
313,exog_hour_sin_lag1,0.0021587705705314875,xgboost_exog_past_weather,past_exog_context_only
313,exog_hour_sin_lag24,0.004577472805976868,xgboost_exog_past_weather,past_exog_context_only
313,exog_hour_sin_lag168,0.004622103646397591,xgboost_exog_past_weather,past_exog_context_only
313,exog_hour_sin_roll24,0.0,xgboost_exog_past_weather,past_exog_context_only
313,exog_hour_sin_roll168,0.0,xgboost_exog_past_weather,past_exog_context_only
313,exog_hour_cos_lag1,0.005080243106931448,xgboost_exog_past_weather,past_exog_context_only
313,exog_hour_cos_lag24,0.0016970186261460185,xgboost_exog_past_weather,past_exog_context_only
313,exog_hour_cos_lag168,0.0009294561459682882,xgboost_exog_past_weather,past_exog_context_only
313,exog_hour_cos_roll24,0.0,xgboost_exog_past_weather,past_exog_context_only
313,exog_hour_cos_roll168,0.0,xgboost_exog_past_weather,past_exog_context_only
313,exog_dayofweek_sin_lag1,0.0008806713740341365,xgboost_exog_past_weather,past_exog_context_only
313,exog_dayofweek_sin_lag24,0.0009230459691025317,xgboost_exog_past_weather,past_exog_context_only
313,exog_dayofweek_sin_lag168,0.0006694537005387247,xgboost_exog_past_weather,past_exog_context_only
313,exog_dayofweek_sin_roll24,0.0005648991209454834,xgboost_exog_past_weather,past_exog_context_only
313,exog_dayofweek_sin_roll168,0.0,xgboost_exog_past_weather,past_exog_context_only
313,exog_dayofweek_cos_lag1,0.0008625104674138129,xgboost_exog_past_weather,past_exog_context_only
313,exog_dayofweek_cos_lag24,0.00039112308877520263,xgboost_exog_past_weather,past_exog_context_only
313,exog_dayofweek_cos_lag168,0.0012500487500801682,xgboost_exog_past_weather,past_exog_context_only
313,exog_dayofweek_cos_roll24,0.000592137104831636,xgboost_exog_past_weather,past_exog_context_only
313,exog_dayofweek_cos_roll168,0.0,xgboost_exog_past_weather,past_exog_context_only
313,exog_month_sin_lag1,0.0008544917800463736,xgboost_exog_past_weather,past_exog_context_only
313,exog_month_sin_lag24,0.0007143687689676881,xgboost_exog_past_weather,past_exog_context_only
313,exog_month_sin_lag168,0.0013188221491873264,xgboost_exog_past_weather,past_exog_context_only
313,exog_month_sin_roll24,0.0006764961290173233,xgboost_exog_past_weather,past_exog_context_only
313,exog_month_sin_roll168,0.0008208006620407104,xgboost_exog_past_weather,past_exog_context_only
313,exog_month_cos_lag1,0.0035836086608469486,xgboost_exog_past_weather,past_exog_context_only
313,exog_month_cos_lag24,0.0028561933431774378,xgboost_exog_past_weather,past_exog_context_only
313,exog_month_cos_lag168,0.001970083685591817,xgboost_exog_past_weather,past_exog_context_only
313,exog_month_cos_roll24,0.001551321824081242,xgboost_exog_past_weather,past_exog_context_only
313,exog_month_cos_roll168,0.0010407398222014308,xgboost_exog_past_weather,past_exog_context_only
155,lag_t1,0.11889196187257767,xgboost_exog_past_weather,past_exog_context_only
155,lag_t2,0.004113469272851944,xgboost_exog_past_weather,past_exog_context_only
155,lag_t3,0.0014502651756629348,xgboost_exog_past_weather,past_exog_context_only
155,lag_t6,0.0014189437497407198,xgboost_exog_past_weather,past_exog_context_only
155,lag_t12,0.0017212486127391458,xgboost_exog_past_weather,past_exog_context_only
155,lag_t24,0.1728324294090271,xgboost_exog_past_weather,past_exog_context_only
155,lag_t48,0.04931660369038582,xgboost_exog_past_weather,past_exog_context_only
155,lag_t168,0.47881150245666504,xgboost_exog_past_weather,past_exog_context_only
155,roll_24,0.004311764147132635,xgboost_exog_past_weather,past_exog_context_only
155,roll_168,0.0015055264811962843,xgboost_exog_past_weather,past_exog_context_only
155,exog_temperature_2m_lag1,0.0008439206867478788,xgboost_exog_past_weather,past_exog_context_only
155,exog_temperature_2m_lag24,0.0009221685468219221,xgboost_exog_past_weather,past_exog_context_only
155,exog_temperature_2m_lag168,0.0010892583522945642,xgboost_exog_past_weather,past_exog_context_only
155,exog_temperature_2m_roll24,0.0008629283402115107,xgboost_exog_past_weather,past_exog_context_only
155,exog_temperature_2m_roll168,0.0012801301199942827,xgboost_exog_past_weather,past_exog_context_only
155,exog_relative_humidity_2m_lag1,0.0007312723901122808,xgboost_exog_past_weather,past_exog_context_only
155,exog_relative_humidity_2m_lag24,0.0006576662417501211,xgboost_exog_past_weather,past_exog_context_only
155,exog_relative_humidity_2m_lag168,0.0008015237399376929,xgboost_exog_past_weather,past_exog_context_only
155,exog_relative_humidity_2m_roll24,0.0007447169627994299,xgboost_exog_past_weather,past_exog_context_only
155,exog_relative_humidity_2m_roll168,0.000839117041323334,xgboost_exog_past_weather,past_exog_context_only
155,exog_precipitation_lag1,0.0008665691711939871,xgboost_exog_past_weather,past_exog_context_only
155,exog_precipitation_lag24,0.0007166447467170656,xgboost_exog_past_weather,past_exog_context_only
155,exog_precipitation_lag168,0.000681995996274054,xgboost_exog_past_weather,past_exog_context_only
155,exog_precipitation_roll24,0.0008783398661762476,xgboost_exog_past_weather,past_exog_context_only
155,exog_precipitation_roll168,0.0010131743038073182,xgboost_exog_past_weather,past_exog_context_only
155,exog_heating_degree_lag1,0.0009359283722005785,xgboost_exog_past_weather,past_exog_context_only
155,exog_heating_degree_lag24,0.0010281334398314357,xgboost_exog_past_weather,past_exog_context_only
155,exog_heating_degree_lag168,0.000996457994915545,xgboost_exog_past_weather,past_exog_context_only
155,exog_heating_degree_roll24,0.0010241090785712004,xgboost_exog_past_weather,past_exog_context_only
155,exog_heating_degree_roll168,0.0012438851408660412,xgboost_exog_past_weather,past_exog_context_only
155,exog_cooling_degree_lag1,0.000435063848271966,xgboost_exog_past_weather,past_exog_context_only
155,exog_cooling_degree_lag24,0.0006220017676241696,xgboost_exog_past_weather,past_exog_context_only
155,exog_cooling_degree_lag168,0.0007509904098697007,xgboost_exog_past_weather,past_exog_context_only
155,exog_cooling_degree_roll24,0.0007817449513822794,xgboost_exog_past_weather,past_exog_context_only
155,exog_cooling_degree_roll168,0.0010685325833037496,xgboost_exog_past_weather,past_exog_context_only
155,exog_hour_lag1,0.010596904903650284,xgboost_exog_past_weather,past_exog_context_only
155,exog_hour_lag24,0.007206410635262728,xgboost_exog_past_weather,past_exog_context_only
155,exog_hour_lag168,0.005938240792602301,xgboost_exog_past_weather,past_exog_context_only
155,exog_hour_roll24,0.0,xgboost_exog_past_weather,past_exog_context_only
155,exog_hour_roll168,0.0,xgboost_exog_past_weather,past_exog_context_only
155,exog_day_of_week_lag1,0.001478644902817905,xgboost_exog_past_weather,past_exog_context_only
155,exog_day_of_week_lag24,0.0009325594292022288,xgboost_exog_past_weather,past_exog_context_only
155,exog_day_of_week_lag168,0.0009698669309727848,xgboost_exog_past_weather,past_exog_context_only
155,exog_day_of_week_roll24,0.0021466214675456285,xgboost_exog_past_weather,past_exog_context_only
155,exog_day_of_week_roll168,0.0,xgboost_exog_past_weather,past_exog_context_only
155,exog_month_lag1,0.0019389372318983078,xgboost_exog_past_weather,past_exog_context_only
155,exog_month_lag24,0.0017840377986431122,xgboost_exog_past_weather,past_exog_context_only
155,exog_month_lag168,0.0018697287887334824,xgboost_exog_past_weather,past_exog_context_only
155,exog_month_roll24,0.002774667926132679,xgboost_exog_past_weather,past_exog_context_only
155,exog_month_roll168,0.0013240384869277477,xgboost_exog_past_weather,past_exog_context_only
155,exog_is_weekend_lag1,0.0001380085595883429,xgboost_exog_past_weather,past_exog_context_only
155,exog_is_weekend_lag24,0.0003872971865348518,xgboost_exog_past_weather,past_exog_context_only
155,exog_is_weekend_lag168,0.007278189063072205,xgboost_exog_past_weather,past_exog_context_only
155,exog_is_weekend_roll24,0.0024603523779660463,xgboost_exog_past_weather,past_exog_context_only
155,exog_is_weekend_roll168,0.0,xgboost_exog_past_weather,past_exog_context_only
155,exog_hour_sin_lag1,0.005549806635826826,xgboost_exog_past_weather,past_exog_context_only
155,exog_hour_sin_lag24,0.002258305437862873,xgboost_exog_past_weather,past_exog_context_only
155,exog_hour_sin_lag168,0.0016749902861192822,xgboost_exog_past_weather,past_exog_context_only
155,exog_hour_sin_roll24,0.0,xgboost_exog_past_weather,past_exog_context_only
155,exog_hour_sin_roll168,0.0,xgboost_exog_past_weather,past_exog_context_only
155,exog_hour_cos_lag1,0.02123037353157997,xgboost_exog_past_weather,past_exog_context_only
155,exog_hour_cos_lag24,0.006606645882129669,xgboost_exog_past_weather,past_exog_context_only
155,exog_hour_cos_lag168,0.004033091478049755,xgboost_exog_past_weather,past_exog_context_only
155,exog_hour_cos_roll24,0.0,xgboost_exog_past_weather,past_exog_context_only
155,exog_hour_cos_roll168,0.0,xgboost_exog_past_weather,past_exog_context_only
155,exog_dayofweek_sin_lag1,0.003988294396549463,xgboost_exog_past_weather,past_exog_context_only
155,exog_dayofweek_sin_lag24,0.0012186802923679352,xgboost_exog_past_weather,past_exog_context_only
155,exog_dayofweek_sin_lag168,0.00492630572989583,xgboost_exog_past_weather,past_exog_context_only
155,exog_dayofweek_sin_roll24,0.001352096674963832,xgboost_exog_past_weather,past_exog_context_only
155,exog_dayofweek_sin_roll168,0.0,xgboost_exog_past_weather,past_exog_context_only
155,exog_dayofweek_cos_lag1,0.0022996438201516867,xgboost_exog_past_weather,past_exog_context_only
155,exog_dayofweek_cos_lag24,0.00696342159062624,xgboost_exog_past_weather,past_exog_context_only
155,exog_dayofweek_cos_lag168,0.002026085741817951,xgboost_exog_past_weather,past_exog_context_only
155,exog_dayofweek_cos_roll24,0.0032971533946692944,xgboost_exog_past_weather,past_exog_context_only
155,exog_dayofweek_cos_roll168,0.0,xgboost_exog_past_weather,past_exog_context_only
155,exog_month_sin_lag1,0.0014524601865559816,xgboost_exog_past_weather,past_exog_context_only
155,exog_month_sin_lag24,0.0006648942362517118,xgboost_exog_past_weather,past_exog_context_only
155,exog_month_sin_lag168,0.001873928471468389,xgboost_exog_past_weather,past_exog_context_only
155,exog_month_sin_roll24,0.0012663636589422822,xgboost_exog_past_weather,past_exog_context_only
155,exog_month_sin_roll168,0.0014170402428135276,xgboost_exog_past_weather,past_exog_context_only
155,exog_month_cos_lag1,0.0017492088954895735,xgboost_exog_past_weather,past_exog_context_only
155,exog_month_cos_lag24,0.007328627165406942,xgboost_exog_past_weather,past_exog_context_only
155,exog_month_cos_lag168,0.007360085379332304,xgboost_exog_past_weather,past_exog_context_only
155,exog_month_cos_roll24,0.001819146447815001,xgboost_exog_past_weather,past_exog_context_only
155,exog_month_cos_roll168,0.0022287587635219097,xgboost_exog_past_weather,past_exog_context_only
236,lag_t1,0.03458138555288315,xgboost_exog_past_weather,past_exog_context_only
236,lag_t2,0.004801361355930567,xgboost_exog_past_weather,past_exog_context_only
236,lag_t3,0.004099151119589806,xgboost_exog_past_weather,past_exog_context_only
236,lag_t6,0.001636269735172391,xgboost_exog_past_weather,past_exog_context_only
236,lag_t12,0.002962705912068486,xgboost_exog_past_weather,past_exog_context_only
236,lag_t24,0.13939280807971954,xgboost_exog_past_weather,past_exog_context_only
236,lag_t48,0.019524570554494858,xgboost_exog_past_weather,past_exog_context_only
236,lag_t168,0.5359702110290527,xgboost_exog_past_weather,past_exog_context_only
236,roll_24,0.00839888583868742,xgboost_exog_past_weather,past_exog_context_only
236,roll_168,0.0017202249728143215,xgboost_exog_past_weather,past_exog_context_only
236,exog_temperature_2m_lag1,0.0010951339500024915,xgboost_exog_past_weather,past_exog_context_only
236,exog_temperature_2m_lag24,0.001042263931594789,xgboost_exog_past_weather,past_exog_context_only
236,exog_temperature_2m_lag168,0.001887379097752273,xgboost_exog_past_weather,past_exog_context_only
236,exog_temperature_2m_roll24,0.001197415986098349,xgboost_exog_past_weather,past_exog_context_only
236,exog_temperature_2m_roll168,0.0016716404352337122,xgboost_exog_past_weather,past_exog_context_only
236,exog_relative_humidity_2m_lag1,0.0011379215866327286,xgboost_exog_past_weather,past_exog_context_only
236,exog_relative_humidity_2m_lag24,0.0010436589363962412,xgboost_exog_past_weather,past_exog_context_only
236,exog_relative_humidity_2m_lag168,0.0009512810502201319,xgboost_exog_past_weather,past_exog_context_only
236,exog_relative_humidity_2m_roll24,0.001087512937374413,xgboost_exog_past_weather,past_exog_context_only
236,exog_relative_humidity_2m_roll168,0.0010536835761740804,xgboost_exog_past_weather,past_exog_context_only
236,exog_precipitation_lag1,0.0007264917367137969,xgboost_exog_past_weather,past_exog_context_only
236,exog_precipitation_lag24,0.001048456528224051,xgboost_exog_past_weather,past_exog_context_only
236,exog_precipitation_lag168,0.001038193702697754,xgboost_exog_past_weather,past_exog_context_only
236,exog_precipitation_roll24,0.0008750908309593797,xgboost_exog_past_weather,past_exog_context_only
236,exog_precipitation_roll168,0.001039282069541514,xgboost_exog_past_weather,past_exog_context_only
236,exog_heating_degree_lag1,0.000842444016598165,xgboost_exog_past_weather,past_exog_context_only
236,exog_heating_degree_lag24,0.001362142153084278,xgboost_exog_past_weather,past_exog_context_only
236,exog_heating_degree_lag168,0.0007083112723194063,xgboost_exog_past_weather,past_exog_context_only
236,exog_heating_degree_roll24,0.001656748354434967,xgboost_exog_past_weather,past_exog_context_only
236,exog_heating_degree_roll168,0.0019627355504781008,xgboost_exog_past_weather,past_exog_context_only
236,exog_cooling_degree_lag1,0.0007263355073519051,xgboost_exog_past_weather,past_exog_context_only
236,exog_cooling_degree_lag24,0.0005840292433276772,xgboost_exog_past_weather,past_exog_context_only
236,exog_cooling_degree_lag168,0.0014178605051711202,xgboost_exog_past_weather,past_exog_context_only
236,exog_cooling_degree_roll24,0.0012748491717502475,xgboost_exog_past_weather,past_exog_context_only
236,exog_cooling_degree_roll168,0.0013379325391724706,xgboost_exog_past_weather,past_exog_context_only
236,exog_hour_lag1,0.04334196448326111,xgboost_exog_past_weather,past_exog_context_only
236,exog_hour_lag24,0.018003370612859726,xgboost_exog_past_weather,past_exog_context_only
236,exog_hour_lag168,0.009929374791681767,xgboost_exog_past_weather,past_exog_context_only
236,exog_hour_roll24,0.0,xgboost_exog_past_weather,past_exog_context_only
236,exog_hour_roll168,0.0,xgboost_exog_past_weather,past_exog_context_only
236,exog_day_of_week_lag1,0.004438615869730711,xgboost_exog_past_weather,past_exog_context_only
236,exog_day_of_week_lag24,0.0008102661231532693,xgboost_exog_past_weather,past_exog_context_only
236,exog_day_of_week_lag168,0.004059887025505304,xgboost_exog_past_weather,past_exog_context_only
236,exog_day_of_week_roll24,0.0020243434701114893,xgboost_exog_past_weather,past_exog_context_only
236,exog_day_of_week_roll168,0.0,xgboost_exog_past_weather,past_exog_context_only
236,exog_month_lag1,0.0011900764657184482,xgboost_exog_past_weather,past_exog_context_only
236,exog_month_lag24,0.0026755621656775475,xgboost_exog_past_weather,past_exog_context_only
236,exog_month_lag168,0.004342038184404373,xgboost_exog_past_weather,past_exog_context_only
236,exog_month_roll24,0.0020358774345368147,xgboost_exog_past_weather,past_exog_context_only
236,exog_month_roll168,0.0015702485106885433,xgboost_exog_past_weather,past_exog_context_only
236,exog_is_weekend_lag1,0.0,xgboost_exog_past_weather,past_exog_context_only
236,exog_is_weekend_lag24,0.0,xgboost_exog_past_weather,past_exog_context_only
236,exog_is_weekend_lag168,0.0,xgboost_exog_past_weather,past_exog_context_only
236,exog_is_weekend_roll24,0.0038773396518081427,xgboost_exog_past_weather,past_exog_context_only
236,exog_is_weekend_roll168,0.0,xgboost_exog_past_weather,past_exog_context_only
236,exog_hour_sin_lag1,0.0025637608487159014,xgboost_exog_past_weather,past_exog_context_only
236,exog_hour_sin_lag24,0.0043145883828401566,xgboost_exog_past_weather,past_exog_context_only
236,exog_hour_sin_lag168,0.001615434419363737,xgboost_exog_past_weather,past_exog_context_only
236,exog_hour_sin_roll24,0.0,xgboost_exog_past_weather,past_exog_context_only
236,exog_hour_sin_roll168,0.0,xgboost_exog_past_weather,past_exog_context_only
236,exog_hour_cos_lag1,0.011699064634740353,xgboost_exog_past_weather,past_exog_context_only
236,exog_hour_cos_lag24,0.022821146994829178,xgboost_exog_past_weather,past_exog_context_only
236,exog_hour_cos_lag168,0.0223554540425539,xgboost_exog_past_weather,past_exog_context_only
236,exog_hour_cos_roll24,0.0,xgboost_exog_past_weather,past_exog_context_only
236,exog_hour_cos_roll168,0.0,xgboost_exog_past_weather,past_exog_context_only
236,exog_dayofweek_sin_lag1,0.002193107968196273,xgboost_exog_past_weather,past_exog_context_only
236,exog_dayofweek_sin_lag24,0.004280186723917723,xgboost_exog_past_weather,past_exog_context_only
236,exog_dayofweek_sin_lag168,0.00525010796263814,xgboost_exog_past_weather,past_exog_context_only
236,exog_dayofweek_sin_roll24,0.0027497776318341494,xgboost_exog_past_weather,past_exog_context_only
236,exog_dayofweek_sin_roll168,0.0,xgboost_exog_past_weather,past_exog_context_only
236,exog_dayofweek_cos_lag1,0.0031995028257369995,xgboost_exog_past_weather,past_exog_context_only
236,exog_dayofweek_cos_lag24,0.0035129988100379705,xgboost_exog_past_weather,past_exog_context_only
236,exog_dayofweek_cos_lag168,0.005357546266168356,xgboost_exog_past_weather,past_exog_context_only
236,exog_dayofweek_cos_roll24,0.0015395914670079947,xgboost_exog_past_weather,past_exog_context_only
236,exog_dayofweek_cos_roll168,0.0,xgboost_exog_past_weather,past_exog_context_only
236,exog_month_sin_lag1,0.0009940448217093945,xgboost_exog_past_weather,past_exog_context_only
236,exog_month_sin_lag24,0.0019649574533104897,xgboost_exog_past_weather,past_exog_context_only
236,exog_month_sin_lag168,0.0019610014278441668,xgboost_exog_past_weather,past_exog_context_only
236,exog_month_sin_roll24,0.0013768968638032675,xgboost_exog_past_weather,past_exog_context_only
236,exog_month_sin_roll168,0.0011014859192073345,xgboost_exog_past_weather,past_exog_context_only
236,exog_month_cos_lag1,0.0007305989856831729,xgboost_exog_past_weather,past_exog_context_only
236,exog_month_cos_lag24,0.004804544150829315,xgboost_exog_past_weather,past_exog_context_only
236,exog_month_cos_lag168,0.006685194559395313,xgboost_exog_past_weather,past_exog_context_only
236,exog_month_cos_roll24,0.0018270239233970642,xgboost_exog_past_weather,past_exog_context_only
236,exog_month_cos_roll168,0.00494678458198905,xgboost_exog_past_weather,past_exog_context_only
167,lag_t1,0.042394816875457764,xgboost_exog_past_weather,past_exog_context_only
167,lag_t2,0.003346026409417391,xgboost_exog_past_weather,past_exog_context_only
167,lag_t3,0.002015679143369198,xgboost_exog_past_weather,past_exog_context_only
167,lag_t6,0.0008878883090801537,xgboost_exog_past_weather,past_exog_context_only
167,lag_t12,0.002411880763247609,xgboost_exog_past_weather,past_exog_context_only
167,lag_t24,0.19133253395557404,xgboost_exog_past_weather,past_exog_context_only
167,lag_t48,0.04362894222140312,xgboost_exog_past_weather,past_exog_context_only
167,lag_t168,0.5824629664421082,xgboost_exog_past_weather,past_exog_context_only
167,roll_24,0.003490681294351816,xgboost_exog_past_weather,past_exog_context_only
167,roll_168,0.0010237573878839612,xgboost_exog_past_weather,past_exog_context_only
167,exog_temperature_2m_lag1,0.000592280994169414,xgboost_exog_past_weather,past_exog_context_only
167,exog_temperature_2m_lag24,0.0004910369170829654,xgboost_exog_past_weather,past_exog_context_only
167,exog_temperature_2m_lag168,0.0006948017398826778,xgboost_exog_past_weather,past_exog_context_only
167,exog_temperature_2m_roll24,0.000937253818847239,xgboost_exog_past_weather,past_exog_context_only
167,exog_temperature_2m_roll168,0.0006731307366862893,xgboost_exog_past_weather,past_exog_context_only
167,exog_relative_humidity_2m_lag1,0.0007693436928093433,xgboost_exog_past_weather,past_exog_context_only
167,exog_relative_humidity_2m_lag24,0.0004506691766437143,xgboost_exog_past_weather,past_exog_context_only
167,exog_relative_humidity_2m_lag168,0.0005981097929179668,xgboost_exog_past_weather,past_exog_context_only
167,exog_relative_humidity_2m_roll24,0.0006904668407514691,xgboost_exog_past_weather,past_exog_context_only
167,exog_relative_humidity_2m_roll168,0.000645165448077023,xgboost_exog_past_weather,past_exog_context_only
167,exog_precipitation_lag1,0.000365369429346174,xgboost_exog_past_weather,past_exog_context_only
167,exog_precipitation_lag24,0.00040337705286219716,xgboost_exog_past_weather,past_exog_context_only
167,exog_precipitation_lag168,0.000432557484600693,xgboost_exog_past_weather,past_exog_context_only
167,exog_precipitation_roll24,0.0006812862702645361,xgboost_exog_past_weather,past_exog_context_only
167,exog_precipitation_roll168,0.0005956606473773718,xgboost_exog_past_weather,past_exog_context_only
167,exog_heating_degree_lag1,0.0005833948380313814,xgboost_exog_past_weather,past_exog_context_only
167,exog_heating_degree_lag24,0.0007039476768113673,xgboost_exog_past_weather,past_exog_context_only
167,exog_heating_degree_lag168,0.0006492341635748744,xgboost_exog_past_weather,past_exog_context_only
167,exog_heating_degree_roll24,0.0005953924264758825,xgboost_exog_past_weather,past_exog_context_only
167,exog_heating_degree_roll168,0.00188687804620713,xgboost_exog_past_weather,past_exog_context_only
167,exog_cooling_degree_lag1,0.00022591499146074057,xgboost_exog_past_weather,past_exog_context_only
167,exog_cooling_degree_lag24,0.00031126546673476696,xgboost_exog_past_weather,past_exog_context_only
167,exog_cooling_degree_lag168,0.00036368740256875753,xgboost_exog_past_weather,past_exog_context_only
167,exog_cooling_degree_roll24,0.0005096489912830293,xgboost_exog_past_weather,past_exog_context_only
167,exog_cooling_degree_roll168,0.00039669492980465293,xgboost_exog_past_weather,past_exog_context_only
167,exog_hour_lag1,0.017458509653806686,xgboost_exog_past_weather,past_exog_context_only
167,exog_hour_lag24,0.01071921270340681,xgboost_exog_past_weather,past_exog_context_only
167,exog_hour_lag168,0.0093148872256279,xgboost_exog_past_weather,past_exog_context_only
167,exog_hour_roll24,0.0,xgboost_exog_past_weather,past_exog_context_only
167,exog_hour_roll168,0.0,xgboost_exog_past_weather,past_exog_context_only
167,exog_day_of_week_lag1,0.0014966612216085196,xgboost_exog_past_weather,past_exog_context_only
167,exog_day_of_week_lag24,0.000809168559499085,xgboost_exog_past_weather,past_exog_context_only
167,exog_day_of_week_lag168,0.000999436597339809,xgboost_exog_past_weather,past_exog_context_only
167,exog_day_of_week_roll24,0.0008747113752178848,xgboost_exog_past_weather,past_exog_context_only
167,exog_day_of_week_roll168,0.0,xgboost_exog_past_weather,past_exog_context_only
167,exog_month_lag1,0.000916792603675276,xgboost_exog_past_weather,past_exog_context_only
167,exog_month_lag24,0.0007229381590150297,xgboost_exog_past_weather,past_exog_context_only
167,exog_month_lag168,0.0019362098537385464,xgboost_exog_past_weather,past_exog_context_only
167,exog_month_roll24,0.0007597119547426701,xgboost_exog_past_weather,past_exog_context_only
167,exog_month_roll168,0.0012337553780525923,xgboost_exog_past_weather,past_exog_context_only
167,exog_is_weekend_lag1,0.00043812114745378494,xgboost_exog_past_weather,past_exog_context_only
167,exog_is_weekend_lag24,0.0,xgboost_exog_past_weather,past_exog_context_only
167,exog_is_weekend_lag168,0.0,xgboost_exog_past_weather,past_exog_context_only
167,exog_is_weekend_roll24,0.0011223152978345752,xgboost_exog_past_weather,past_exog_context_only
167,exog_is_weekend_roll168,0.0,xgboost_exog_past_weather,past_exog_context_only
167,exog_hour_sin_lag1,0.004711331333965063,xgboost_exog_past_weather,past_exog_context_only
167,exog_hour_sin_lag24,0.002738096984103322,xgboost_exog_past_weather,past_exog_context_only
167,exog_hour_sin_lag168,0.0017229249933734536,xgboost_exog_past_weather,past_exog_context_only
167,exog_hour_sin_roll24,0.0,xgboost_exog_past_weather,past_exog_context_only
167,exog_hour_sin_roll168,0.0,xgboost_exog_past_weather,past_exog_context_only
167,exog_hour_cos_lag1,0.006474712397903204,xgboost_exog_past_weather,past_exog_context_only
167,exog_hour_cos_lag24,0.006232352927327156,xgboost_exog_past_weather,past_exog_context_only
167,exog_hour_cos_lag168,0.010655014775693417,xgboost_exog_past_weather,past_exog_context_only
167,exog_hour_cos_roll24,0.0,xgboost_exog_past_weather,past_exog_context_only
167,exog_hour_cos_roll168,0.0,xgboost_exog_past_weather,past_exog_context_only
167,exog_dayofweek_sin_lag1,0.004301569424569607,xgboost_exog_past_weather,past_exog_context_only
167,exog_dayofweek_sin_lag24,0.0016626957803964615,xgboost_exog_past_weather,past_exog_context_only
167,exog_dayofweek_sin_lag168,0.001902652671560645,xgboost_exog_past_weather,past_exog_context_only
167,exog_dayofweek_sin_roll24,0.0016832946566864848,xgboost_exog_past_weather,past_exog_context_only
167,exog_dayofweek_sin_roll168,0.0,xgboost_exog_past_weather,past_exog_context_only
167,exog_dayofweek_cos_lag1,0.002973788185045123,xgboost_exog_past_weather,past_exog_context_only
167,exog_dayofweek_cos_lag24,0.0008837804780341685,xgboost_exog_past_weather,past_exog_context_only
167,exog_dayofweek_cos_lag168,0.0018216237658634782,xgboost_exog_past_weather,past_exog_context_only
167,exog_dayofweek_cos_roll24,0.002064707223325968,xgboost_exog_past_weather,past_exog_context_only
167,exog_dayofweek_cos_roll168,0.0,xgboost_exog_past_weather,past_exog_context_only
167,exog_month_sin_lag1,0.0009543145424686372,xgboost_exog_past_weather,past_exog_context_only
167,exog_month_sin_lag24,0.0010718915145844221,xgboost_exog_past_weather,past_exog_context_only
167,exog_month_sin_lag168,0.000922025297768414,xgboost_exog_past_weather,past_exog_context_only
167,exog_month_sin_roll24,0.001128277275711298,xgboost_exog_past_weather,past_exog_context_only
167,exog_month_sin_roll168,0.0010009203106164932,xgboost_exog_past_weather,past_exog_context_only
167,exog_month_cos_lag1,0.0007424841169267893,xgboost_exog_past_weather,past_exog_context_only
167,exog_month_cos_lag24,0.000599455670453608,xgboost_exog_past_weather,past_exog_context_only
167,exog_month_cos_lag168,0.0010456049349159002,xgboost_exog_past_weather,past_exog_context_only
167,exog_month_cos_roll24,0.0040100980550050735,xgboost_exog_past_weather,past_exog_context_only
167,exog_month_cos_roll168,0.0016521940706297755,xgboost_exog_past_weather,past_exog_context_only
186,lag_t1,0.013116909191012383,xgboost_exog_past_weather,past_exog_context_only
186,lag_t2,0.0015346817672252655,xgboost_exog_past_weather,past_exog_context_only
186,lag_t3,0.0004962977836839855,xgboost_exog_past_weather,past_exog_context_only
186,lag_t6,0.000467652571387589,xgboost_exog_past_weather,past_exog_context_only
186,lag_t12,0.0011942335404455662,xgboost_exog_past_weather,past_exog_context_only
186,lag_t24,0.24000026285648346,xgboost_exog_past_weather,past_exog_context_only
186,lag_t48,0.0578206442296505,xgboost_exog_past_weather,past_exog_context_only
186,lag_t168,0.4216911792755127,xgboost_exog_past_weather,past_exog_context_only
186,roll_24,0.002959416713565588,xgboost_exog_past_weather,past_exog_context_only
186,roll_168,0.0005995919927954674,xgboost_exog_past_weather,past_exog_context_only
186,exog_temperature_2m_lag1,0.0004184719000477344,xgboost_exog_past_weather,past_exog_context_only
186,exog_temperature_2m_lag24,0.0003153871512040496,xgboost_exog_past_weather,past_exog_context_only
186,exog_temperature_2m_lag168,0.00035498905344866216,xgboost_exog_past_weather,past_exog_context_only
186,exog_temperature_2m_roll24,0.0004597783263307065,xgboost_exog_past_weather,past_exog_context_only
186,exog_temperature_2m_roll168,0.0006715470808558166,xgboost_exog_past_weather,past_exog_context_only
186,exog_relative_humidity_2m_lag1,0.00041168066672980785,xgboost_exog_past_weather,past_exog_context_only
186,exog_relative_humidity_2m_lag24,0.00028037515585310757,xgboost_exog_past_weather,past_exog_context_only
186,exog_relative_humidity_2m_lag168,0.0003129794786218554,xgboost_exog_past_weather,past_exog_context_only
186,exog_relative_humidity_2m_roll24,0.0004314392281230539,xgboost_exog_past_weather,past_exog_context_only
186,exog_relative_humidity_2m_roll168,0.0003707444993779063,xgboost_exog_past_weather,past_exog_context_only
186,exog_precipitation_lag1,0.0003877976560033858,xgboost_exog_past_weather,past_exog_context_only
186,exog_precipitation_lag24,0.0003757014055736363,xgboost_exog_past_weather,past_exog_context_only
186,exog_precipitation_lag168,0.00030577456345781684,xgboost_exog_past_weather,past_exog_context_only
186,exog_precipitation_roll24,0.0003598884795792401,xgboost_exog_past_weather,past_exog_context_only
186,exog_precipitation_roll168,0.0003159611369483173,xgboost_exog_past_weather,past_exog_context_only
186,exog_heating_degree_lag1,0.000471582286991179,xgboost_exog_past_weather,past_exog_context_only
186,exog_heating_degree_lag24,0.00030199275352060795,xgboost_exog_past_weather,past_exog_context_only
186,exog_heating_degree_lag168,0.00028203774127177894,xgboost_exog_past_weather,past_exog_context_only
186,exog_heating_degree_roll24,0.00045376899652183056,xgboost_exog_past_weather,past_exog_context_only
186,exog_heating_degree_roll168,0.0011294983560219407,xgboost_exog_past_weather,past_exog_context_only
186,exog_cooling_degree_lag1,0.0006447613704949617,xgboost_exog_past_weather,past_exog_context_only
186,exog_cooling_degree_lag24,0.0002547281328588724,xgboost_exog_past_weather,past_exog_context_only
186,exog_cooling_degree_lag168,0.0016491670394316316,xgboost_exog_past_weather,past_exog_context_only
186,exog_cooling_degree_roll24,0.00031505487277172506,xgboost_exog_past_weather,past_exog_context_only
186,exog_cooling_degree_roll168,0.0007721988949924707,xgboost_exog_past_weather,past_exog_context_only
186,exog_hour_lag1,0.004274656064808369,xgboost_exog_past_weather,past_exog_context_only
186,exog_hour_lag24,0.0038912934251129627,xgboost_exog_past_weather,past_exog_context_only
186,exog_hour_lag168,0.003184110391885042,xgboost_exog_past_weather,past_exog_context_only
186,exog_hour_roll24,0.0,xgboost_exog_past_weather,past_exog_context_only
186,exog_hour_roll168,0.0,xgboost_exog_past_weather,past_exog_context_only
186,exog_day_of_week_lag1,0.0014773409347981215,xgboost_exog_past_weather,past_exog_context_only
186,exog_day_of_week_lag24,0.0003616885805968195,xgboost_exog_past_weather,past_exog_context_only
186,exog_day_of_week_lag168,0.0006643070955760777,xgboost_exog_past_weather,past_exog_context_only
186,exog_day_of_week_roll24,0.0005199196748435497,xgboost_exog_past_weather,past_exog_context_only
186,exog_day_of_week_roll168,0.0,xgboost_exog_past_weather,past_exog_context_only
186,exog_month_lag1,0.0009876142721623182,xgboost_exog_past_weather,past_exog_context_only
186,exog_month_lag24,0.0005940845003351569,xgboost_exog_past_weather,past_exog_context_only
186,exog_month_lag168,0.0007229263428598642,xgboost_exog_past_weather,past_exog_context_only
186,exog_month_roll24,0.0006288724835030735,xgboost_exog_past_weather,past_exog_context_only
186,exog_month_roll168,0.0007200254476629198,xgboost_exog_past_weather,past_exog_context_only
186,exog_is_weekend_lag1,0.0002027554583037272,xgboost_exog_past_weather,past_exog_context_only
186,exog_is_weekend_lag24,7.882367935962975e-05,xgboost_exog_past_weather,past_exog_context_only
186,exog_is_weekend_lag168,0.0012985952198505402,xgboost_exog_past_weather,past_exog_context_only
186,exog_is_weekend_roll24,0.00043065386125817895,xgboost_exog_past_weather,past_exog_context_only
186,exog_is_weekend_roll168,0.0,xgboost_exog_past_weather,past_exog_context_only
186,exog_hour_sin_lag1,0.006142286583781242,xgboost_exog_past_weather,past_exog_context_only
186,exog_hour_sin_lag24,0.09316914528608322,xgboost_exog_past_weather,past_exog_context_only
186,exog_hour_sin_lag168,0.09560515731573105,xgboost_exog_past_weather,past_exog_context_only
186,exog_hour_sin_roll24,0.0,xgboost_exog_past_weather,past_exog_context_only
186,exog_hour_sin_roll168,0.0,xgboost_exog_past_weather,past_exog_context_only
186,exog_hour_cos_lag1,0.0034913443960249424,xgboost_exog_past_weather,past_exog_context_only
186,exog_hour_cos_lag24,0.004762096796184778,xgboost_exog_past_weather,past_exog_context_only
186,exog_hour_cos_lag168,0.0031052189879119396,xgboost_exog_past_weather,past_exog_context_only
186,exog_hour_cos_roll24,0.0,xgboost_exog_past_weather,past_exog_context_only
186,exog_hour_cos_roll168,0.0,xgboost_exog_past_weather,past_exog_context_only
186,exog_dayofweek_sin_lag1,0.0017955206567421556,xgboost_exog_past_weather,past_exog_context_only
186,exog_dayofweek_sin_lag24,0.0002940928388852626,xgboost_exog_past_weather,past_exog_context_only
186,exog_dayofweek_sin_lag168,0.0021186897065490484,xgboost_exog_past_weather,past_exog_context_only
186,exog_dayofweek_sin_roll24,0.00037546572275459766,xgboost_exog_past_weather,past_exog_context_only
186,exog_dayofweek_sin_roll168,0.0,xgboost_exog_past_weather,past_exog_context_only
186,exog_dayofweek_cos_lag1,0.0005009030574001372,xgboost_exog_past_weather,past_exog_context_only
186,exog_dayofweek_cos_lag24,0.00045062298886477947,xgboost_exog_past_weather,past_exog_context_only
186,exog_dayofweek_cos_lag168,0.0013484075898304582,xgboost_exog_past_weather,past_exog_context_only
186,exog_dayofweek_cos_roll24,0.0006208843551576138,xgboost_exog_past_weather,past_exog_context_only
186,exog_dayofweek_cos_roll168,0.0,xgboost_exog_past_weather,past_exog_context_only
186,exog_month_sin_lag1,0.00048516449169255793,xgboost_exog_past_weather,past_exog_context_only
186,exog_month_sin_lag24,0.0006096037104725838,xgboost_exog_past_weather,past_exog_context_only
186,exog_month_sin_lag168,0.0010755134280771017,xgboost_exog_past_weather,past_exog_context_only
186,exog_month_sin_roll24,0.0004592709301505238,xgboost_exog_past_weather,past_exog_context_only
186,exog_month_sin_roll168,0.0005696809384971857,xgboost_exog_past_weather,past_exog_context_only
186,exog_month_cos_lag1,0.0024789716117084026,xgboost_exog_past_weather,past_exog_context_only
186,exog_month_cos_lag24,0.0004405385989230126,xgboost_exog_past_weather,past_exog_context_only
186,exog_month_cos_lag168,0.003121177665889263,xgboost_exog_past_weather,past_exog_context_only
186,exog_month_cos_roll24,0.0026455321349203587,xgboost_exog_past_weather,past_exog_context_only
186,exog_month_cos_roll168,0.0023689190857112408,xgboost_exog_past_weather,past_exog_context_only
315,lag_t1,0.03315885737538338,xgboost_exog_past_weather,past_exog_context_only
315,lag_t2,0.005109567195177078,xgboost_exog_past_weather,past_exog_context_only
315,lag_t3,0.002666011219844222,xgboost_exog_past_weather,past_exog_context_only
315,lag_t6,0.0017238740110769868,xgboost_exog_past_weather,past_exog_context_only
315,lag_t12,0.0020364937372505665,xgboost_exog_past_weather,past_exog_context_only
315,lag_t24,0.44467517733573914,xgboost_exog_past_weather,past_exog_context_only
315,lag_t48,0.20224329829216003,xgboost_exog_past_weather,past_exog_context_only
315,lag_t168,0.09999524056911469,xgboost_exog_past_weather,past_exog_context_only
315,roll_24,0.005912151653319597,xgboost_exog_past_weather,past_exog_context_only
315,roll_168,0.0020672122482210398,xgboost_exog_past_weather,past_exog_context_only
315,exog_temperature_2m_lag1,0.0017471977043896914,xgboost_exog_past_weather,past_exog_context_only
315,exog_temperature_2m_lag24,0.0015385623555630445,xgboost_exog_past_weather,past_exog_context_only
315,exog_temperature_2m_lag168,0.0016896318411454558,xgboost_exog_past_weather,past_exog_context_only
315,exog_temperature_2m_roll24,0.0034795445390045643,xgboost_exog_past_weather,past_exog_context_only
315,exog_temperature_2m_roll168,0.002781036077067256,xgboost_exog_past_weather,past_exog_context_only
315,exog_relative_humidity_2m_lag1,0.001916577690280974,xgboost_exog_past_weather,past_exog_context_only
315,exog_relative_humidity_2m_lag24,0.0011237642029300332,xgboost_exog_past_weather,past_exog_context_only
315,exog_relative_humidity_2m_lag168,0.0018273998284712434,xgboost_exog_past_weather,past_exog_context_only
315,exog_relative_humidity_2m_roll24,0.0015430267667397857,xgboost_exog_past_weather,past_exog_context_only
315,exog_relative_humidity_2m_roll168,0.0018376907100901008,xgboost_exog_past_weather,past_exog_context_only
315,exog_precipitation_lag1,0.0012463013408705592,xgboost_exog_past_weather,past_exog_context_only
315,exog_precipitation_lag24,0.001221678452566266,xgboost_exog_past_weather,past_exog_context_only
315,exog_precipitation_lag168,0.0007652836502529681,xgboost_exog_past_weather,past_exog_context_only
315,exog_precipitation_roll24,0.0016915270825847983,xgboost_exog_past_weather,past_exog_context_only
315,exog_precipitation_roll168,0.001430417993105948,xgboost_exog_past_weather,past_exog_context_only
315,exog_heating_degree_lag1,0.0013196232030168176,xgboost_exog_past_weather,past_exog_context_only
315,exog_heating_degree_lag24,0.001029420644044876,xgboost_exog_past_weather,past_exog_context_only
315,exog_heating_degree_lag168,0.002628382295370102,xgboost_exog_past_weather,past_exog_context_only
315,exog_heating_degree_roll24,0.00577701348811388,xgboost_exog_past_weather,past_exog_context_only
315,exog_heating_degree_roll168,0.002262403955683112,xgboost_exog_past_weather,past_exog_context_only
315,exog_cooling_degree_lag1,0.0009156411397270858,xgboost_exog_past_weather,past_exog_context_only
315,exog_cooling_degree_lag24,0.0010325778275728226,xgboost_exog_past_weather,past_exog_context_only
315,exog_cooling_degree_lag168,0.001599226612597704,xgboost_exog_past_weather,past_exog_context_only
315,exog_cooling_degree_roll24,0.0009678135393187404,xgboost_exog_past_weather,past_exog_context_only
315,exog_cooling_degree_roll168,0.0020738060120493174,xgboost_exog_past_weather,past_exog_context_only
315,exog_hour_lag1,0.010036607272922993,xgboost_exog_past_weather,past_exog_context_only
315,exog_hour_lag24,0.024233737960457802,xgboost_exog_past_weather,past_exog_context_only
315,exog_hour_lag168,0.014300873503088951,xgboost_exog_past_weather,past_exog_context_only
315,exog_hour_roll24,0.0,xgboost_exog_past_weather,past_exog_context_only
315,exog_hour_roll168,0.0,xgboost_exog_past_weather,past_exog_context_only
315,exog_day_of_week_lag1,0.0014783117221668363,xgboost_exog_past_weather,past_exog_context_only
315,exog_day_of_week_lag24,0.001905126147903502,xgboost_exog_past_weather,past_exog_context_only
315,exog_day_of_week_lag168,0.0011166944168508053,xgboost_exog_past_weather,past_exog_context_only
315,exog_day_of_week_roll24,0.0012645894894376397,xgboost_exog_past_weather,past_exog_context_only
315,exog_day_of_week_roll168,0.0,xgboost_exog_past_weather,past_exog_context_only
315,exog_month_lag1,0.0018418444087728858,xgboost_exog_past_weather,past_exog_context_only
315,exog_month_lag24,0.0020096059888601303,xgboost_exog_past_weather,past_exog_context_only
315,exog_month_lag168,0.0034441000316292048,xgboost_exog_past_weather,past_exog_context_only
315,exog_month_roll24,0.0025306656025350094,xgboost_exog_past_weather,past_exog_context_only
315,exog_month_roll168,0.004938280675560236,xgboost_exog_past_weather,past_exog_context_only
315,exog_is_weekend_lag1,0.0,xgboost_exog_past_weather,past_exog_context_only
315,exog_is_weekend_lag24,0.00012338714441284537,xgboost_exog_past_weather,past_exog_context_only
315,exog_is_weekend_lag168,0.0018848858308047056,xgboost_exog_past_weather,past_exog_context_only
315,exog_is_weekend_roll24,0.0007066791295073926,xgboost_exog_past_weather,past_exog_context_only
315,exog_is_weekend_roll168,0.0,xgboost_exog_past_weather,past_exog_context_only
315,exog_hour_sin_lag1,0.00237556966021657,xgboost_exog_past_weather,past_exog_context_only
315,exog_hour_sin_lag24,0.002286102157086134,xgboost_exog_past_weather,past_exog_context_only
315,exog_hour_sin_lag168,0.0013768512289971113,xgboost_exog_past_weather,past_exog_context_only
315,exog_hour_sin_roll24,0.0,xgboost_exog_past_weather,past_exog_context_only
315,exog_hour_sin_roll168,0.0,xgboost_exog_past_weather,past_exog_context_only
315,exog_hour_cos_lag1,0.009791160933673382,xgboost_exog_past_weather,past_exog_context_only
315,exog_hour_cos_lag24,0.007771292235702276,xgboost_exog_past_weather,past_exog_context_only
315,exog_hour_cos_lag168,0.00835577491670847,xgboost_exog_past_weather,past_exog_context_only
315,exog_hour_cos_roll24,0.0,xgboost_exog_past_weather,past_exog_context_only
315,exog_hour_cos_roll168,0.0,xgboost_exog_past_weather,past_exog_context_only
315,exog_dayofweek_sin_lag1,0.0012640624772757292,xgboost_exog_past_weather,past_exog_context_only
315,exog_dayofweek_sin_lag24,0.0020387605763971806,xgboost_exog_past_weather,past_exog_context_only
315,exog_dayofweek_sin_lag168,0.0019313425291329622,xgboost_exog_past_weather,past_exog_context_only
315,exog_dayofweek_sin_roll24,0.0014792481670156121,xgboost_exog_past_weather,past_exog_context_only
315,exog_dayofweek_sin_roll168,0.0,xgboost_exog_past_weather,past_exog_context_only
315,exog_dayofweek_cos_lag1,0.0021216687746345997,xgboost_exog_past_weather,past_exog_context_only
315,exog_dayofweek_cos_lag24,0.0005866289720870554,xgboost_exog_past_weather,past_exog_context_only
315,exog_dayofweek_cos_lag168,0.0019535929895937443,xgboost_exog_past_weather,past_exog_context_only
315,exog_dayofweek_cos_roll24,0.0013893551658838987,xgboost_exog_past_weather,past_exog_context_only
315,exog_dayofweek_cos_roll168,0.0,xgboost_exog_past_weather,past_exog_context_only
315,exog_month_sin_lag1,0.0013983129756525159,xgboost_exog_past_weather,past_exog_context_only
315,exog_month_sin_lag24,0.0016990529838949442,xgboost_exog_past_weather,past_exog_context_only
315,exog_month_sin_lag168,0.002105030231177807,xgboost_exog_past_weather,past_exog_context_only
315,exog_month_sin_roll24,0.0020518898963928223,xgboost_exog_past_weather,past_exog_context_only
315,exog_month_sin_roll168,0.00231664115563035,xgboost_exog_past_weather,past_exog_context_only
315,exog_month_cos_lag1,0.0011421142844483256,xgboost_exog_past_weather,past_exog_context_only
315,exog_month_cos_lag24,0.004357552621513605,xgboost_exog_past_weather,past_exog_context_only
315,exog_month_cos_lag168,0.01515408605337143,xgboost_exog_past_weather,past_exog_context_only
315,exog_month_cos_roll24,0.001377128530293703,xgboost_exog_past_weather,past_exog_context_only
315,exog_month_cos_roll168,0.00682796211913228,xgboost_exog_past_weather,past_exog_context_only
290,lag_t1,0.08500510454177856,xgboost_exog_past_weather,past_exog_context_only
290,lag_t2,0.010915720835328102,xgboost_exog_past_weather,past_exog_context_only
290,lag_t3,0.0022033427376300097,xgboost_exog_past_weather,past_exog_context_only
290,lag_t6,0.0009176591411232948,xgboost_exog_past_weather,past_exog_context_only
290,lag_t12,0.002035848330706358,xgboost_exog_past_weather,past_exog_context_only
290,lag_t24,0.18085186183452606,xgboost_exog_past_weather,past_exog_context_only
290,lag_t48,0.04995054379105568,xgboost_exog_past_weather,past_exog_context_only
290,lag_t168,0.47438353300094604,xgboost_exog_past_weather,past_exog_context_only
290,roll_24,0.007899458520114422,xgboost_exog_past_weather,past_exog_context_only
290,roll_168,0.00302113383077085,xgboost_exog_past_weather,past_exog_context_only
290,exog_temperature_2m_lag1,0.0008109718910418451,xgboost_exog_past_weather,past_exog_context_only
290,exog_temperature_2m_lag24,0.0008108274778351188,xgboost_exog_past_weather,past_exog_context_only
290,exog_temperature_2m_lag168,0.000759749673306942,xgboost_exog_past_weather,past_exog_context_only
290,exog_temperature_2m_roll24,0.0006666077533736825,xgboost_exog_past_weather,past_exog_context_only
290,exog_temperature_2m_roll168,0.0012634254526346922,xgboost_exog_past_weather,past_exog_context_only
290,exog_relative_humidity_2m_lag1,0.0007788128568790853,xgboost_exog_past_weather,past_exog_context_only
290,exog_relative_humidity_2m_lag24,0.0006395216332748532,xgboost_exog_past_weather,past_exog_context_only
290,exog_relative_humidity_2m_lag168,0.0007512305746786296,xgboost_exog_past_weather,past_exog_context_only
290,exog_relative_humidity_2m_roll24,0.0005932053318247199,xgboost_exog_past_weather,past_exog_context_only
290,exog_relative_humidity_2m_roll168,0.0007253945805132389,xgboost_exog_past_weather,past_exog_context_only
290,exog_precipitation_lag1,0.0005795544711872935,xgboost_exog_past_weather,past_exog_context_only
290,exog_precipitation_lag24,0.0005412934115156531,xgboost_exog_past_weather,past_exog_context_only
290,exog_precipitation_lag168,0.0005550294881686568,xgboost_exog_past_weather,past_exog_context_only
290,exog_precipitation_roll24,0.0006763835554011166,xgboost_exog_past_weather,past_exog_context_only
290,exog_precipitation_roll168,0.000750588602386415,xgboost_exog_past_weather,past_exog_context_only
290,exog_heating_degree_lag1,0.0007989160367287695,xgboost_exog_past_weather,past_exog_context_only
290,exog_heating_degree_lag24,0.0007028999389149249,xgboost_exog_past_weather,past_exog_context_only
290,exog_heating_degree_lag168,0.0009320423705503345,xgboost_exog_past_weather,past_exog_context_only
290,exog_heating_degree_roll24,0.0006784202996641397,xgboost_exog_past_weather,past_exog_context_only
290,exog_heating_degree_roll168,0.001061217742972076,xgboost_exog_past_weather,past_exog_context_only
290,exog_cooling_degree_lag1,0.00037259035161696374,xgboost_exog_past_weather,past_exog_context_only
290,exog_cooling_degree_lag24,0.0004956172197125852,xgboost_exog_past_weather,past_exog_context_only
290,exog_cooling_degree_lag168,0.000382174359401688,xgboost_exog_past_weather,past_exog_context_only
290,exog_cooling_degree_roll24,0.0007896124734543264,xgboost_exog_past_weather,past_exog_context_only
290,exog_cooling_degree_roll168,0.0007583998376503587,xgboost_exog_past_weather,past_exog_context_only
290,exog_hour_lag1,0.014460359700024128,xgboost_exog_past_weather,past_exog_context_only
290,exog_hour_lag24,0.004391284193843603,xgboost_exog_past_weather,past_exog_context_only
290,exog_hour_lag168,0.006827370263636112,xgboost_exog_past_weather,past_exog_context_only
290,exog_hour_roll24,0.0,xgboost_exog_past_weather,past_exog_context_only
290,exog_hour_roll168,0.0,xgboost_exog_past_weather,past_exog_context_only
290,exog_day_of_week_lag1,0.0008651132811792195,xgboost_exog_past_weather,past_exog_context_only
290,exog_day_of_week_lag24,0.001372799277305603,xgboost_exog_past_weather,past_exog_context_only
290,exog_day_of_week_lag168,0.0009666045662015676,xgboost_exog_past_weather,past_exog_context_only
290,exog_day_of_week_roll24,0.000932186609134078,xgboost_exog_past_weather,past_exog_context_only
290,exog_day_of_week_roll168,0.0,xgboost_exog_past_weather,past_exog_context_only
290,exog_month_lag1,0.0009869305649772286,xgboost_exog_past_weather,past_exog_context_only
290,exog_month_lag24,0.001672354876063764,xgboost_exog_past_weather,past_exog_context_only
290,exog_month_lag168,0.0011006457498297095,xgboost_exog_past_weather,past_exog_context_only
290,exog_month_roll24,0.0010039589833468199,xgboost_exog_past_weather,past_exog_context_only
290,exog_month_roll168,0.000683944090269506,xgboost_exog_past_weather,past_exog_context_only
290,exog_is_weekend_lag1,0.0,xgboost_exog_past_weather,past_exog_context_only
290,exog_is_weekend_lag24,0.0012455249670892954,xgboost_exog_past_weather,past_exog_context_only
290,exog_is_weekend_lag168,0.001605382887646556,xgboost_exog_past_weather,past_exog_context_only
290,exog_is_weekend_roll24,0.003361672395840287,xgboost_exog_past_weather,past_exog_context_only
290,exog_is_weekend_roll168,0.0,xgboost_exog_past_weather,past_exog_context_only
290,exog_hour_sin_lag1,0.004721059463918209,xgboost_exog_past_weather,past_exog_context_only
290,exog_hour_sin_lag24,0.02579054795205593,xgboost_exog_past_weather,past_exog_context_only
290,exog_hour_sin_lag168,0.010197004303336143,xgboost_exog_past_weather,past_exog_context_only
290,exog_hour_sin_roll24,0.0,xgboost_exog_past_weather,past_exog_context_only
290,exog_hour_sin_roll168,0.0,xgboost_exog_past_weather,past_exog_context_only
290,exog_hour_cos_lag1,0.011396537534892559,xgboost_exog_past_weather,past_exog_context_only
290,exog_hour_cos_lag24,0.0185393076390028,xgboost_exog_past_weather,past_exog_context_only
290,exog_hour_cos_lag168,0.0195857435464859,xgboost_exog_past_weather,past_exog_context_only
290,exog_hour_cos_roll24,0.0,xgboost_exog_past_weather,past_exog_context_only
290,exog_hour_cos_roll168,0.0,xgboost_exog_past_weather,past_exog_context_only
290,exog_dayofweek_sin_lag1,0.0016563734970986843,xgboost_exog_past_weather,past_exog_context_only
290,exog_dayofweek_sin_lag24,0.0011362156365066767,xgboost_exog_past_weather,past_exog_context_only
290,exog_dayofweek_sin_lag168,0.001007039099931717,xgboost_exog_past_weather,past_exog_context_only
290,exog_dayofweek_sin_roll24,0.0008325897506438196,xgboost_exog_past_weather,past_exog_context_only
290,exog_dayofweek_sin_roll168,0.0,xgboost_exog_past_weather,past_exog_context_only
290,exog_dayofweek_cos_lag1,0.003767696674913168,xgboost_exog_past_weather,past_exog_context_only
290,exog_dayofweek_cos_lag24,0.0019544935785233974,xgboost_exog_past_weather,past_exog_context_only
290,exog_dayofweek_cos_lag168,0.003781382692977786,xgboost_exog_past_weather,past_exog_context_only
290,exog_dayofweek_cos_roll24,0.0030349805019795895,xgboost_exog_past_weather,past_exog_context_only
290,exog_dayofweek_cos_roll168,0.0,xgboost_exog_past_weather,past_exog_context_only
290,exog_month_sin_lag1,0.0005814306205138564,xgboost_exog_past_weather,past_exog_context_only
290,exog_month_sin_lag24,0.0005441622924990952,xgboost_exog_past_weather,past_exog_context_only
290,exog_month_sin_lag168,0.0006190970307216048,xgboost_exog_past_weather,past_exog_context_only
290,exog_month_sin_roll24,0.0006056508282199502,xgboost_exog_past_weather,past_exog_context_only
290,exog_month_sin_roll168,0.0008407114073634148,xgboost_exog_past_weather,past_exog_context_only
290,exog_month_cos_lag1,0.004168524872511625,xgboost_exog_past_weather,past_exog_context_only
290,exog_month_cos_lag24,0.0012535981368273497,xgboost_exog_past_weather,past_exog_context_only
290,exog_month_cos_lag168,0.004244638606905937,xgboost_exog_past_weather,past_exog_context_only
290,exog_month_cos_roll24,0.0018839811673387885,xgboost_exog_past_weather,past_exog_context_only
290,exog_month_cos_roll168,0.0013224105350673199,xgboost_exog_past_weather,past_exog_context_only
179,lag_t1,0.04547407850623131,xgboost_exog_past_weather,past_exog_context_only
179,lag_t2,0.005803192965686321,xgboost_exog_past_weather,past_exog_context_only
179,lag_t3,0.001347373821772635,xgboost_exog_past_weather,past_exog_context_only
179,lag_t6,0.000946414191275835,xgboost_exog_past_weather,past_exog_context_only
179,lag_t12,0.0013710134662687778,xgboost_exog_past_weather,past_exog_context_only
179,lag_t24,0.20081102848052979,xgboost_exog_past_weather,past_exog_context_only
179,lag_t48,0.03756583854556084,xgboost_exog_past_weather,past_exog_context_only
179,lag_t168,0.45471468567848206,xgboost_exog_past_weather,past_exog_context_only
179,roll_24,0.005784701555967331,xgboost_exog_past_weather,past_exog_context_only
179,roll_168,0.001937800901941955,xgboost_exog_past_weather,past_exog_context_only
179,exog_temperature_2m_lag1,0.0005943789728917181,xgboost_exog_past_weather,past_exog_context_only
179,exog_temperature_2m_lag24,0.0005587560008279979,xgboost_exog_past_weather,past_exog_context_only
179,exog_temperature_2m_lag168,0.0007222185377031565,xgboost_exog_past_weather,past_exog_context_only
179,exog_temperature_2m_roll24,0.00067231705179438,xgboost_exog_past_weather,past_exog_context_only
179,exog_temperature_2m_roll168,0.0013888629619032145,xgboost_exog_past_weather,past_exog_context_only
179,exog_relative_humidity_2m_lag1,0.0006126253283582628,xgboost_exog_past_weather,past_exog_context_only
179,exog_relative_humidity_2m_lag24,0.0006379045080393553,xgboost_exog_past_weather,past_exog_context_only
179,exog_relative_humidity_2m_lag168,0.0005045511643402278,xgboost_exog_past_weather,past_exog_context_only
179,exog_relative_humidity_2m_roll24,0.0006591558340005577,xgboost_exog_past_weather,past_exog_context_only
179,exog_relative_humidity_2m_roll168,0.0007008624379523098,xgboost_exog_past_weather,past_exog_context_only
179,exog_precipitation_lag1,0.0004530219011940062,xgboost_exog_past_weather,past_exog_context_only
179,exog_precipitation_lag24,0.0006568722892552614,xgboost_exog_past_weather,past_exog_context_only
179,exog_precipitation_lag168,0.00044463970698416233,xgboost_exog_past_weather,past_exog_context_only
179,exog_precipitation_roll24,0.0006017058622092009,xgboost_exog_past_weather,past_exog_context_only
179,exog_precipitation_roll168,0.0005687478696927428,xgboost_exog_past_weather,past_exog_context_only
179,exog_heating_degree_lag1,0.0005331307183951139,xgboost_exog_past_weather,past_exog_context_only
179,exog_heating_degree_lag24,0.0004968210123479366,xgboost_exog_past_weather,past_exog_context_only
179,exog_heating_degree_lag168,0.0006927381036803126,xgboost_exog_past_weather,past_exog_context_only
179,exog_heating_degree_roll24,0.000634188239928335,xgboost_exog_past_weather,past_exog_context_only
179,exog_heating_degree_roll168,0.0008554313681088388,xgboost_exog_past_weather,past_exog_context_only
179,exog_cooling_degree_lag1,0.0003723512345459312,xgboost_exog_past_weather,past_exog_context_only
179,exog_cooling_degree_lag24,0.0003467206843197346,xgboost_exog_past_weather,past_exog_context_only
179,exog_cooling_degree_lag168,0.001568682724609971,xgboost_exog_past_weather,past_exog_context_only
179,exog_cooling_degree_roll24,0.0004850304394494742,xgboost_exog_past_weather,past_exog_context_only
179,exog_cooling_degree_roll168,0.0006897944258525968,xgboost_exog_past_weather,past_exog_context_only
179,exog_hour_lag1,0.010373838245868683,xgboost_exog_past_weather,past_exog_context_only
179,exog_hour_lag24,0.0698702335357666,xgboost_exog_past_weather,past_exog_context_only
179,exog_hour_lag168,0.08512429147958755,xgboost_exog_past_weather,past_exog_context_only
179,exog_hour_roll24,0.0,xgboost_exog_past_weather,past_exog_context_only
179,exog_hour_roll168,0.0,xgboost_exog_past_weather,past_exog_context_only
179,exog_day_of_week_lag1,0.0012496915878728032,xgboost_exog_past_weather,past_exog_context_only
179,exog_day_of_week_lag24,0.000753572559915483,xgboost_exog_past_weather,past_exog_context_only
179,exog_day_of_week_lag168,0.001681710360571742,xgboost_exog_past_weather,past_exog_context_only
179,exog_day_of_week_roll24,0.0008248881786130369,xgboost_exog_past_weather,past_exog_context_only
179,exog_day_of_week_roll168,0.0,xgboost_exog_past_weather,past_exog_context_only
179,exog_month_lag1,0.0007498196209780872,xgboost_exog_past_weather,past_exog_context_only
179,exog_month_lag24,0.0008934747893363237,xgboost_exog_past_weather,past_exog_context_only
179,exog_month_lag168,0.000766077428124845,xgboost_exog_past_weather,past_exog_context_only
179,exog_month_roll24,0.0008786743273958564,xgboost_exog_past_weather,past_exog_context_only
179,exog_month_roll168,0.0009124139323830605,xgboost_exog_past_weather,past_exog_context_only
179,exog_is_weekend_lag1,0.0,xgboost_exog_past_weather,past_exog_context_only
179,exog_is_weekend_lag24,0.00036416645161807537,xgboost_exog_past_weather,past_exog_context_only
179,exog_is_weekend_lag168,0.0,xgboost_exog_past_weather,past_exog_context_only
179,exog_is_weekend_roll24,0.0012481998419389129,xgboost_exog_past_weather,past_exog_context_only
179,exog_is_weekend_roll168,0.0,xgboost_exog_past_weather,past_exog_context_only
179,exog_hour_sin_lag1,0.0023885720875114202,xgboost_exog_past_weather,past_exog_context_only
179,exog_hour_sin_lag24,0.0011756918393075466,xgboost_exog_past_weather,past_exog_context_only
179,exog_hour_sin_lag168,0.001069402671419084,xgboost_exog_past_weather,past_exog_context_only
179,exog_hour_sin_roll24,0.0,xgboost_exog_past_weather,past_exog_context_only
179,exog_hour_sin_roll168,0.0,xgboost_exog_past_weather,past_exog_context_only
179,exog_hour_cos_lag1,0.013169320300221443,xgboost_exog_past_weather,past_exog_context_only
179,exog_hour_cos_lag24,0.005503526888787746,xgboost_exog_past_weather,past_exog_context_only
179,exog_hour_cos_lag168,0.0036652961280196905,xgboost_exog_past_weather,past_exog_context_only
179,exog_hour_cos_roll24,0.0,xgboost_exog_past_weather,past_exog_context_only
179,exog_hour_cos_roll168,0.0,xgboost_exog_past_weather,past_exog_context_only
179,exog_dayofweek_sin_lag1,0.0011395537294447422,xgboost_exog_past_weather,past_exog_context_only
179,exog_dayofweek_sin_lag24,0.0008549324702471495,xgboost_exog_past_weather,past_exog_context_only
179,exog_dayofweek_sin_lag168,0.0012385827722027898,xgboost_exog_past_weather,past_exog_context_only
179,exog_dayofweek_sin_roll24,0.0013272652868181467,xgboost_exog_past_weather,past_exog_context_only
179,exog_dayofweek_sin_roll168,0.0,xgboost_exog_past_weather,past_exog_context_only
179,exog_dayofweek_cos_lag1,0.0009635561727918684,xgboost_exog_past_weather,past_exog_context_only
179,exog_dayofweek_cos_lag24,0.0008782128570601344,xgboost_exog_past_weather,past_exog_context_only
179,exog_dayofweek_cos_lag168,0.0008029159507714212,xgboost_exog_past_weather,past_exog_context_only
179,exog_dayofweek_cos_roll24,0.0009780492400750518,xgboost_exog_past_weather,past_exog_context_only
179,exog_dayofweek_cos_roll168,0.0,xgboost_exog_past_weather,past_exog_context_only
179,exog_month_sin_lag1,0.001391265424899757,xgboost_exog_past_weather,past_exog_context_only
179,exog_month_sin_lag24,0.001002652570605278,xgboost_exog_past_weather,past_exog_context_only
179,exog_month_sin_lag168,0.0007223223219625652,xgboost_exog_past_weather,past_exog_context_only
179,exog_month_sin_roll24,0.0009732861071825027,xgboost_exog_past_weather,past_exog_context_only
179,exog_month_sin_roll168,0.0011354949092492461,xgboost_exog_past_weather,past_exog_context_only
179,exog_month_cos_lag1,0.0012541073374450207,xgboost_exog_past_weather,past_exog_context_only
179,exog_month_cos_lag24,0.00041823103674687445,xgboost_exog_past_weather,past_exog_context_only
179,exog_month_cos_lag168,0.005852782633155584,xgboost_exog_past_weather,past_exog_context_only
179,exog_month_cos_roll24,0.0007436470477841794,xgboost_exog_past_weather,past_exog_context_only
179,exog_month_cos_roll168,0.0034526328090578318,xgboost_exog_past_weather,past_exog_context_only
119,lag_t1,0.47378432750701904,xgboost_exog_past_weather,past_exog_context_only
119,lag_t2,0.13369128108024597,xgboost_exog_past_weather,past_exog_context_only
119,lag_t3,0.014817124232649803,xgboost_exog_past_weather,past_exog_context_only
119,lag_t6,0.006019139662384987,xgboost_exog_past_weather,past_exog_context_only
119,lag_t12,0.004909023176878691,xgboost_exog_past_weather,past_exog_context_only
119,lag_t24,0.059496019035577774,xgboost_exog_past_weather,past_exog_context_only
119,lag_t48,0.0031427880749106407,xgboost_exog_past_weather,past_exog_context_only
119,lag_t168,0.012948582880198956,xgboost_exog_past_weather,past_exog_context_only
119,roll_24,0.006187618710100651,xgboost_exog_past_weather,past_exog_context_only
119,roll_168,0.007030516862869263,xgboost_exog_past_weather,past_exog_context_only
119,exog_temperature_2m_lag1,0.0051223100163042545,xgboost_exog_past_weather,past_exog_context_only
119,exog_temperature_2m_lag24,0.005818717181682587,xgboost_exog_past_weather,past_exog_context_only
119,exog_temperature_2m_lag168,0.004558131098747253,xgboost_exog_past_weather,past_exog_context_only
119,exog_temperature_2m_roll24,0.015071743167936802,xgboost_exog_past_weather,past_exog_context_only
119,exog_temperature_2m_roll168,0.003776268335059285,xgboost_exog_past_weather,past_exog_context_only
119,exog_relative_humidity_2m_lag1,0.003975441679358482,xgboost_exog_past_weather,past_exog_context_only
119,exog_relative_humidity_2m_lag24,0.008191440254449844,xgboost_exog_past_weather,past_exog_context_only
119,exog_relative_humidity_2m_lag168,0.006882798857986927,xgboost_exog_past_weather,past_exog_context_only
119,exog_relative_humidity_2m_roll24,0.0026131568010896444,xgboost_exog_past_weather,past_exog_context_only
119,exog_relative_humidity_2m_roll168,0.0012851000064983964,xgboost_exog_past_weather,past_exog_context_only
119,exog_precipitation_lag1,0.0005384606774896383,xgboost_exog_past_weather,past_exog_context_only
119,exog_precipitation_lag24,0.0012528888182714581,xgboost_exog_past_weather,past_exog_context_only
119,exog_precipitation_lag168,0.0024893698282539845,xgboost_exog_past_weather,past_exog_context_only
119,exog_precipitation_roll24,0.0014303135685622692,xgboost_exog_past_weather,past_exog_context_only
119,exog_precipitation_roll168,0.0016563100507482886,xgboost_exog_past_weather,past_exog_context_only
119,exog_heating_degree_lag1,0.001117022824473679,xgboost_exog_past_weather,past_exog_context_only
119,exog_heating_degree_lag24,0.0047311377711594105,xgboost_exog_past_weather,past_exog_context_only
119,exog_heating_degree_lag168,0.0013278304832056165,xgboost_exog_past_weather,past_exog_context_only
119,exog_heating_degree_roll24,0.0021372325718402863,xgboost_exog_past_weather,past_exog_context_only
119,exog_heating_degree_roll168,0.005948757287114859,xgboost_exog_past_weather,past_exog_context_only
119,exog_cooling_degree_lag1,0.0011388488346710801,xgboost_exog_past_weather,past_exog_context_only
119,exog_cooling_degree_lag24,0.0010264802258461714,xgboost_exog_past_weather,past_exog_context_only
119,exog_cooling_degree_lag168,0.0010420008329674602,xgboost_exog_past_weather,past_exog_context_only
119,exog_cooling_degree_roll24,0.0010333933169022202,xgboost_exog_past_weather,past_exog_context_only
119,exog_cooling_degree_roll168,0.004771520849317312,xgboost_exog_past_weather,past_exog_context_only
119,exog_hour_lag1,0.003641129471361637,xgboost_exog_past_weather,past_exog_context_only
119,exog_hour_lag24,0.004603100940585136,xgboost_exog_past_weather,past_exog_context_only
119,exog_hour_lag168,0.005493864882737398,xgboost_exog_past_weather,past_exog_context_only
119,exog_hour_roll24,0.0,xgboost_exog_past_weather,past_exog_context_only
119,exog_hour_roll168,0.0,xgboost_exog_past_weather,past_exog_context_only
119,exog_day_of_week_lag1,0.0008822507224977016,xgboost_exog_past_weather,past_exog_context_only
119,exog_day_of_week_lag24,0.001040808274410665,xgboost_exog_past_weather,past_exog_context_only
119,exog_day_of_week_lag168,0.0003783292486332357,xgboost_exog_past_weather,past_exog_context_only
119,exog_day_of_week_roll24,0.0017180399736389518,xgboost_exog_past_weather,past_exog_context_only
119,exog_day_of_week_roll168,0.0,xgboost_exog_past_weather,past_exog_context_only
119,exog_month_lag1,0.002961251186206937,xgboost_exog_past_weather,past_exog_context_only
119,exog_month_lag24,0.0009030300425365567,xgboost_exog_past_weather,past_exog_context_only
119,exog_month_lag168,0.002168126404285431,xgboost_exog_past_weather,past_exog_context_only
119,exog_month_roll24,0.002425293205305934,xgboost_exog_past_weather,past_exog_context_only
119,exog_month_roll168,0.0014879056252539158,xgboost_exog_past_weather,past_exog_context_only
119,exog_is_weekend_lag1,0.0,xgboost_exog_past_weather,past_exog_context_only
119,exog_is_weekend_lag24,0.0,xgboost_exog_past_weather,past_exog_context_only
119,exog_is_weekend_lag168,0.0,xgboost_exog_past_weather,past_exog_context_only
119,exog_is_weekend_roll24,0.001987783471122384,xgboost_exog_past_weather,past_exog_context_only
119,exog_is_weekend_roll168,0.0,xgboost_exog_past_weather,past_exog_context_only
119,exog_hour_sin_lag1,0.002562393434345722,xgboost_exog_past_weather,past_exog_context_only
119,exog_hour_sin_lag24,0.0015596027951687574,xgboost_exog_past_weather,past_exog_context_only
119,exog_hour_sin_lag168,0.002409057691693306,xgboost_exog_past_weather,past_exog_context_only
119,exog_hour_sin_roll24,0.0,xgboost_exog_past_weather,past_exog_context_only
119,exog_hour_sin_roll168,0.0,xgboost_exog_past_weather,past_exog_context_only
119,exog_hour_cos_lag1,0.029244979843497276,xgboost_exog_past_weather,past_exog_context_only
119,exog_hour_cos_lag24,0.013446723110973835,xgboost_exog_past_weather,past_exog_context_only
119,exog_hour_cos_lag168,0.013343291357159615,xgboost_exog_past_weather,past_exog_context_only
119,exog_hour_cos_roll24,0.0,xgboost_exog_past_weather,past_exog_context_only
119,exog_hour_cos_roll168,0.0,xgboost_exog_past_weather,past_exog_context_only
119,exog_dayofweek_sin_lag1,0.005424750968813896,xgboost_exog_past_weather,past_exog_context_only
119,exog_dayofweek_sin_lag24,0.013913530856370926,xgboost_exog_past_weather,past_exog_context_only
119,exog_dayofweek_sin_lag168,0.007911909371614456,xgboost_exog_past_weather,past_exog_context_only
119,exog_dayofweek_sin_roll24,0.002270020078867674,xgboost_exog_past_weather,past_exog_context_only
119,exog_dayofweek_sin_roll168,0.0,xgboost_exog_past_weather,past_exog_context_only
119,exog_dayofweek_cos_lag1,0.00499980803579092,xgboost_exog_past_weather,past_exog_context_only
119,exog_dayofweek_cos_lag24,0.001642951974645257,xgboost_exog_past_weather,past_exog_context_only
119,exog_dayofweek_cos_lag168,0.0034279138781130314,xgboost_exog_past_weather,past_exog_context_only
119,exog_dayofweek_cos_roll24,0.0032218757551163435,xgboost_exog_past_weather,past_exog_context_only
119,exog_dayofweek_cos_roll168,0.0,xgboost_exog_past_weather,past_exog_context_only
119,exog_month_sin_lag1,0.0021593384444713593,xgboost_exog_past_weather,past_exog_context_only
119,exog_month_sin_lag24,0.00609368272125721,xgboost_exog_past_weather,past_exog_context_only
119,exog_month_sin_lag168,0.0026087129954248667,xgboost_exog_past_weather,past_exog_context_only
119,exog_month_sin_roll24,0.0016965422546491027,xgboost_exog_past_weather,past_exog_context_only
119,exog_month_sin_roll168,0.00516583351418376,xgboost_exog_past_weather,past_exog_context_only
119,exog_month_cos_lag1,0.023046288639307022,xgboost_exog_past_weather,past_exog_context_only
119,exog_month_cos_lag24,0.002333804965019226,xgboost_exog_past_weather,past_exog_context_only
119,exog_month_cos_lag168,0.004799371585249901,xgboost_exog_past_weather,past_exog_context_only
119,exog_month_cos_roll24,0.0027561532333493233,xgboost_exog_past_weather,past_exog_context_only
119,exog_month_cos_roll168,0.00330756395123899,xgboost_exog_past_weather,past_exog_context_only
314,lag_t1,0.010239620693027973,xgboost_exog_past_weather,past_exog_context_only
314,lag_t2,0.0009965092176571488,xgboost_exog_past_weather,past_exog_context_only
314,lag_t3,0.0007615847862325609,xgboost_exog_past_weather,past_exog_context_only
314,lag_t6,0.0006887377821840346,xgboost_exog_past_weather,past_exog_context_only
314,lag_t12,0.0007399743190035224,xgboost_exog_past_weather,past_exog_context_only
314,lag_t24,0.5143147110939026,xgboost_exog_past_weather,past_exog_context_only
314,lag_t48,0.0992046594619751,xgboost_exog_past_weather,past_exog_context_only
314,lag_t168,0.2821601927280426,xgboost_exog_past_weather,past_exog_context_only
314,roll_24,0.003636818379163742,xgboost_exog_past_weather,past_exog_context_only
314,roll_168,0.0009745668503455818,xgboost_exog_past_weather,past_exog_context_only
314,exog_temperature_2m_lag1,0.0004943815874867141,xgboost_exog_past_weather,past_exog_context_only
314,exog_temperature_2m_lag24,0.0005212273099459708,xgboost_exog_past_weather,past_exog_context_only
314,exog_temperature_2m_lag168,0.0006707908469252288,xgboost_exog_past_weather,past_exog_context_only
314,exog_temperature_2m_roll24,0.0005260541802272201,xgboost_exog_past_weather,past_exog_context_only
314,exog_temperature_2m_roll168,0.0006948408554308116,xgboost_exog_past_weather,past_exog_context_only
314,exog_relative_humidity_2m_lag1,0.00041462871013209224,xgboost_exog_past_weather,past_exog_context_only
314,exog_relative_humidity_2m_lag24,0.00046902307076379657,xgboost_exog_past_weather,past_exog_context_only
314,exog_relative_humidity_2m_lag168,0.0005089776241220534,xgboost_exog_past_weather,past_exog_context_only
314,exog_relative_humidity_2m_roll24,0.0005348568083718419,xgboost_exog_past_weather,past_exog_context_only
314,exog_relative_humidity_2m_roll168,0.000576772028580308,xgboost_exog_past_weather,past_exog_context_only
314,exog_precipitation_lag1,0.00043067504884675145,xgboost_exog_past_weather,past_exog_context_only
314,exog_precipitation_lag24,0.00033947062911465764,xgboost_exog_past_weather,past_exog_context_only
314,exog_precipitation_lag168,0.00049003487220034,xgboost_exog_past_weather,past_exog_context_only
314,exog_precipitation_roll24,0.0006069177179597318,xgboost_exog_past_weather,past_exog_context_only
314,exog_precipitation_roll168,0.0004924407112412155,xgboost_exog_past_weather,past_exog_context_only
314,exog_heating_degree_lag1,0.0006086509092710912,xgboost_exog_past_weather,past_exog_context_only
314,exog_heating_degree_lag24,0.000713908753823489,xgboost_exog_past_weather,past_exog_context_only
314,exog_heating_degree_lag168,0.0005506209563463926,xgboost_exog_past_weather,past_exog_context_only
314,exog_heating_degree_roll24,0.0007752439705654979,xgboost_exog_past_weather,past_exog_context_only
314,exog_heating_degree_roll168,0.0009014137904159725,xgboost_exog_past_weather,past_exog_context_only
314,exog_cooling_degree_lag1,0.00026351428823545575,xgboost_exog_past_weather,past_exog_context_only
314,exog_cooling_degree_lag24,0.0002671547408681363,xgboost_exog_past_weather,past_exog_context_only
314,exog_cooling_degree_lag168,0.0009567290544509888,xgboost_exog_past_weather,past_exog_context_only
314,exog_cooling_degree_roll24,0.000394328439142555,xgboost_exog_past_weather,past_exog_context_only
314,exog_cooling_degree_roll168,0.0009482912719249725,xgboost_exog_past_weather,past_exog_context_only
314,exog_hour_lag1,0.005529929883778095,xgboost_exog_past_weather,past_exog_context_only
314,exog_hour_lag24,0.003759954823181033,xgboost_exog_past_weather,past_exog_context_only
314,exog_hour_lag168,0.00391779700294137,xgboost_exog_past_weather,past_exog_context_only
314,exog_hour_roll24,0.0,xgboost_exog_past_weather,past_exog_context_only
314,exog_hour_roll168,0.0,xgboost_exog_past_weather,past_exog_context_only
314,exog_day_of_week_lag1,0.0010616584913805127,xgboost_exog_past_weather,past_exog_context_only
314,exog_day_of_week_lag24,0.0004756168636959046,xgboost_exog_past_weather,past_exog_context_only
314,exog_day_of_week_lag168,0.000574021483771503,xgboost_exog_past_weather,past_exog_context_only
314,exog_day_of_week_roll24,0.0007738593267276883,xgboost_exog_past_weather,past_exog_context_only
314,exog_day_of_week_roll168,0.0,xgboost_exog_past_weather,past_exog_context_only
314,exog_month_lag1,0.000810160709079355,xgboost_exog_past_weather,past_exog_context_only
314,exog_month_lag24,0.0022725143935531378,xgboost_exog_past_weather,past_exog_context_only
314,exog_month_lag168,0.0011787888361141086,xgboost_exog_past_weather,past_exog_context_only
314,exog_month_roll24,0.0015850855270400643,xgboost_exog_past_weather,past_exog_context_only
314,exog_month_roll168,0.0013236675877124071,xgboost_exog_past_weather,past_exog_context_only
314,exog_is_weekend_lag1,0.00012875119864474982,xgboost_exog_past_weather,past_exog_context_only
314,exog_is_weekend_lag24,0.00023129086184781045,xgboost_exog_past_weather,past_exog_context_only
314,exog_is_weekend_lag168,0.0,xgboost_exog_past_weather,past_exog_context_only
314,exog_is_weekend_roll24,0.0014314388390630484,xgboost_exog_past_weather,past_exog_context_only
314,exog_is_weekend_roll168,0.0,xgboost_exog_past_weather,past_exog_context_only
314,exog_hour_sin_lag1,0.0011874953052029014,xgboost_exog_past_weather,past_exog_context_only
314,exog_hour_sin_lag24,0.01413651742041111,xgboost_exog_past_weather,past_exog_context_only
314,exog_hour_sin_lag168,0.0024595612194389105,xgboost_exog_past_weather,past_exog_context_only
314,exog_hour_sin_roll24,0.0,xgboost_exog_past_weather,past_exog_context_only
314,exog_hour_sin_roll168,0.0,xgboost_exog_past_weather,past_exog_context_only
314,exog_hour_cos_lag1,0.005939825903624296,xgboost_exog_past_weather,past_exog_context_only
314,exog_hour_cos_lag24,0.0012988537782803178,xgboost_exog_past_weather,past_exog_context_only
314,exog_hour_cos_lag168,0.001548250438645482,xgboost_exog_past_weather,past_exog_context_only
314,exog_hour_cos_roll24,0.0,xgboost_exog_past_weather,past_exog_context_only
314,exog_hour_cos_roll168,0.0,xgboost_exog_past_weather,past_exog_context_only
314,exog_dayofweek_sin_lag1,0.0018317167414352298,xgboost_exog_past_weather,past_exog_context_only
314,exog_dayofweek_sin_lag24,0.000730272731743753,xgboost_exog_past_weather,past_exog_context_only
314,exog_dayofweek_sin_lag168,0.0014448686270043254,xgboost_exog_past_weather,past_exog_context_only
314,exog_dayofweek_sin_roll24,0.0009850641945376992,xgboost_exog_past_weather,past_exog_context_only
314,exog_dayofweek_sin_roll168,0.0,xgboost_exog_past_weather,past_exog_context_only
314,exog_dayofweek_cos_lag1,0.0011751942802220583,xgboost_exog_past_weather,past_exog_context_only
314,exog_dayofweek_cos_lag24,0.0010710008209571242,xgboost_exog_past_weather,past_exog_context_only
314,exog_dayofweek_cos_lag168,0.0007115614716894925,xgboost_exog_past_weather,past_exog_context_only
314,exog_dayofweek_cos_roll24,0.0005091616185382009,xgboost_exog_past_weather,past_exog_context_only
314,exog_dayofweek_cos_roll168,0.0,xgboost_exog_past_weather,past_exog_context_only
314,exog_month_sin_lag1,0.0007746291230432689,xgboost_exog_past_weather,past_exog_context_only
314,exog_month_sin_lag24,0.0007246157620102167,xgboost_exog_past_weather,past_exog_context_only
314,exog_month_sin_lag168,0.0011131659848615527,xgboost_exog_past_weather,past_exog_context_only
314,exog_month_sin_roll24,0.0006434890674427152,xgboost_exog_past_weather,past_exog_context_only
314,exog_month_sin_roll168,0.0011420727241784334,xgboost_exog_past_weather,past_exog_context_only
314,exog_month_cos_lag1,0.0012384657748043537,xgboost_exog_past_weather,past_exog_context_only
314,exog_month_cos_lag24,0.0022946372628211975,xgboost_exog_past_weather,past_exog_context_only
314,exog_month_cos_lag168,0.0009413438965566456,xgboost_exog_past_weather,past_exog_context_only
314,exog_month_cos_roll24,0.001570369815453887,xgboost_exog_past_weather,past_exog_context_only
314,exog_month_cos_roll168,0.0016049654223024845,xgboost_exog_past_weather,past_exog_context_only
317,lag_t1,0.2646196782588959,xgboost_exog_past_weather,past_exog_context_only
317,lag_t2,0.012851757928729057,xgboost_exog_past_weather,past_exog_context_only
317,lag_t3,0.018479423597455025,xgboost_exog_past_weather,past_exog_context_only
317,lag_t6,0.004926390014588833,xgboost_exog_past_weather,past_exog_context_only
317,lag_t12,0.009735804982483387,xgboost_exog_past_weather,past_exog_context_only
317,lag_t24,0.01834692433476448,xgboost_exog_past_weather,past_exog_context_only
317,lag_t48,0.021263908594846725,xgboost_exog_past_weather,past_exog_context_only
317,lag_t168,0.08326062560081482,xgboost_exog_past_weather,past_exog_context_only
317,roll_24,0.008478809148073196,xgboost_exog_past_weather,past_exog_context_only
317,roll_168,0.010804388672113419,xgboost_exog_past_weather,past_exog_context_only
317,exog_temperature_2m_lag1,0.007022451143711805,xgboost_exog_past_weather,past_exog_context_only
317,exog_temperature_2m_lag24,0.004202952608466148,xgboost_exog_past_weather,past_exog_context_only
317,exog_temperature_2m_lag168,0.005841134116053581,xgboost_exog_past_weather,past_exog_context_only
317,exog_temperature_2m_roll24,0.004941666964441538,xgboost_exog_past_weather,past_exog_context_only
317,exog_temperature_2m_roll168,0.013531949371099472,xgboost_exog_past_weather,past_exog_context_only
317,exog_relative_humidity_2m_lag1,0.00484937708824873,xgboost_exog_past_weather,past_exog_context_only
317,exog_relative_humidity_2m_lag24,0.00365824019536376,xgboost_exog_past_weather,past_exog_context_only
317,exog_relative_humidity_2m_lag168,0.0036008176393806934,xgboost_exog_past_weather,past_exog_context_only
317,exog_relative_humidity_2m_roll24,0.004576270002871752,xgboost_exog_past_weather,past_exog_context_only
317,exog_relative_humidity_2m_roll168,0.003525238251313567,xgboost_exog_past_weather,past_exog_context_only
317,exog_precipitation_lag1,0.00299487984739244,xgboost_exog_past_weather,past_exog_context_only
317,exog_precipitation_lag24,0.0031314585357904434,xgboost_exog_past_weather,past_exog_context_only
317,exog_precipitation_lag168,0.00309160933829844,xgboost_exog_past_weather,past_exog_context_only
317,exog_precipitation_roll24,0.004506086464971304,xgboost_exog_past_weather,past_exog_context_only
317,exog_precipitation_roll168,0.004350629169493914,xgboost_exog_past_weather,past_exog_context_only
317,exog_heating_degree_lag1,0.0023716320283710957,xgboost_exog_past_weather,past_exog_context_only
317,exog_heating_degree_lag24,0.004844362381845713,xgboost_exog_past_weather,past_exog_context_only
317,exog_heating_degree_lag168,0.006309756077826023,xgboost_exog_past_weather,past_exog_context_only
317,exog_heating_degree_roll24,0.007531291805207729,xgboost_exog_past_weather,past_exog_context_only
317,exog_heating_degree_roll168,0.0131281279027462,xgboost_exog_past_weather,past_exog_context_only
317,exog_cooling_degree_lag1,0.0059601557441055775,xgboost_exog_past_weather,past_exog_context_only
317,exog_cooling_degree_lag24,0.004423212725669146,xgboost_exog_past_weather,past_exog_context_only
317,exog_cooling_degree_lag168,0.006052861921489239,xgboost_exog_past_weather,past_exog_context_only
317,exog_cooling_degree_roll24,0.004918783903121948,xgboost_exog_past_weather,past_exog_context_only
317,exog_cooling_degree_roll168,0.006992916110903025,xgboost_exog_past_weather,past_exog_context_only
317,exog_hour_lag1,0.007185309659689665,xgboost_exog_past_weather,past_exog_context_only
317,exog_hour_lag24,0.005604933016002178,xgboost_exog_past_weather,past_exog_context_only
317,exog_hour_lag168,0.013165492564439774,xgboost_exog_past_weather,past_exog_context_only
317,exog_hour_roll24,0.0,xgboost_exog_past_weather,past_exog_context_only
317,exog_hour_roll168,0.0,xgboost_exog_past_weather,past_exog_context_only
317,exog_day_of_week_lag1,0.011341230012476444,xgboost_exog_past_weather,past_exog_context_only
317,exog_day_of_week_lag24,0.01162621658295393,xgboost_exog_past_weather,past_exog_context_only
317,exog_day_of_week_lag168,0.005904201418161392,xgboost_exog_past_weather,past_exog_context_only
317,exog_day_of_week_roll24,0.005678778514266014,xgboost_exog_past_weather,past_exog_context_only
317,exog_day_of_week_roll168,0.0,xgboost_exog_past_weather,past_exog_context_only
317,exog_month_lag1,0.007851808331906796,xgboost_exog_past_weather,past_exog_context_only
317,exog_month_lag24,0.008793137036263943,xgboost_exog_past_weather,past_exog_context_only
317,exog_month_lag168,0.005260070785880089,xgboost_exog_past_weather,past_exog_context_only
317,exog_month_roll24,0.002682456513866782,xgboost_exog_past_weather,past_exog_context_only
317,exog_month_roll168,0.005676317494362593,xgboost_exog_past_weather,past_exog_context_only
317,exog_is_weekend_lag1,0.0,xgboost_exog_past_weather,past_exog_context_only
317,exog_is_weekend_lag24,0.008824855089187622,xgboost_exog_past_weather,past_exog_context_only
317,exog_is_weekend_lag168,0.0,xgboost_exog_past_weather,past_exog_context_only
317,exog_is_weekend_roll24,0.008593441918492317,xgboost_exog_past_weather,past_exog_context_only
317,exog_is_weekend_roll168,0.0,xgboost_exog_past_weather,past_exog_context_only
317,exog_hour_sin_lag1,0.03337547183036804,xgboost_exog_past_weather,past_exog_context_only
317,exog_hour_sin_lag24,0.024227624759078026,xgboost_exog_past_weather,past_exog_context_only
317,exog_hour_sin_lag168,0.01788734830915928,xgboost_exog_past_weather,past_exog_context_only
317,exog_hour_sin_roll24,0.0,xgboost_exog_past_weather,past_exog_context_only
317,exog_hour_sin_roll168,0.0,xgboost_exog_past_weather,past_exog_context_only
317,exog_hour_cos_lag1,0.0064967963844537735,xgboost_exog_past_weather,past_exog_context_only
317,exog_hour_cos_lag24,0.006580559071153402,xgboost_exog_past_weather,past_exog_context_only
317,exog_hour_cos_lag168,0.0036127259954810143,xgboost_exog_past_weather,past_exog_context_only
317,exog_hour_cos_roll24,0.0,xgboost_exog_past_weather,past_exog_context_only
317,exog_hour_cos_roll168,0.0,xgboost_exog_past_weather,past_exog_context_only
317,exog_dayofweek_sin_lag1,0.019311971962451935,xgboost_exog_past_weather,past_exog_context_only
317,exog_dayofweek_sin_lag24,0.002261496614664793,xgboost_exog_past_weather,past_exog_context_only
317,exog_dayofweek_sin_lag168,0.02024132013320923,xgboost_exog_past_weather,past_exog_context_only
317,exog_dayofweek_sin_roll24,0.011520002037286758,xgboost_exog_past_weather,past_exog_context_only
317,exog_dayofweek_sin_roll168,0.0,xgboost_exog_past_weather,past_exog_context_only
317,exog_dayofweek_cos_lag1,0.013044930063188076,xgboost_exog_past_weather,past_exog_context_only
317,exog_dayofweek_cos_lag24,0.0014665897469967604,xgboost_exog_past_weather,past_exog_context_only
317,exog_dayofweek_cos_lag168,0.011440622620284557,xgboost_exog_past_weather,past_exog_context_only
317,exog_dayofweek_cos_roll24,0.011689351871609688,xgboost_exog_past_weather,past_exog_context_only
317,exog_dayofweek_cos_roll168,0.0,xgboost_exog_past_weather,past_exog_context_only
317,exog_month_sin_lag1,0.005279380362480879,xgboost_exog_past_weather,past_exog_context_only
317,exog_month_sin_lag24,0.0030424841679632664,xgboost_exog_past_weather,past_exog_context_only
317,exog_month_sin_lag168,0.004931474104523659,xgboost_exog_past_weather,past_exog_context_only
317,exog_month_sin_roll24,0.0023554263170808554,xgboost_exog_past_weather,past_exog_context_only
317,exog_month_sin_roll168,0.005086377263069153,xgboost_exog_past_weather,past_exog_context_only
317,exog_month_cos_lag1,0.006228450685739517,xgboost_exog_past_weather,past_exog_context_only
317,exog_month_cos_lag24,0.012146251276135445,xgboost_exog_past_weather,past_exog_context_only
317,exog_month_cos_lag168,0.04818824678659439,xgboost_exog_past_weather,past_exog_context_only
317,exog_month_cos_roll24,0.005207162816077471,xgboost_exog_past_weather,past_exog_context_only
317,exog_month_cos_roll168,0.027064135298132896,xgboost_exog_past_weather,past_exog_context_only
240,lag_t1,0.0398964025080204,xgboost_exog_past_weather,past_exog_context_only
240,lag_t2,0.004933792632073164,xgboost_exog_past_weather,past_exog_context_only
240,lag_t3,0.003438379615545273,xgboost_exog_past_weather,past_exog_context_only
240,lag_t6,0.0013910772977396846,xgboost_exog_past_weather,past_exog_context_only
240,lag_t12,0.002022398402914405,xgboost_exog_past_weather,past_exog_context_only
240,lag_t24,0.412422776222229,xgboost_exog_past_weather,past_exog_context_only
240,lag_t48,0.03792651742696762,xgboost_exog_past_weather,past_exog_context_only
240,lag_t168,0.31304341554641724,xgboost_exog_past_weather,past_exog_context_only
240,roll_24,0.005760842468589544,xgboost_exog_past_weather,past_exog_context_only
240,roll_168,0.0016161041567102075,xgboost_exog_past_weather,past_exog_context_only
240,exog_temperature_2m_lag1,0.0008409678121097386,xgboost_exog_past_weather,past_exog_context_only
240,exog_temperature_2m_lag24,0.0010121951345354319,xgboost_exog_past_weather,past_exog_context_only
240,exog_temperature_2m_lag168,0.0009499721927568316,xgboost_exog_past_weather,past_exog_context_only
240,exog_temperature_2m_roll24,0.0011615704279392958,xgboost_exog_past_weather,past_exog_context_only
240,exog_temperature_2m_roll168,0.001396419946104288,xgboost_exog_past_weather,past_exog_context_only
240,exog_relative_humidity_2m_lag1,0.0012325700372457504,xgboost_exog_past_weather,past_exog_context_only
240,exog_relative_humidity_2m_lag24,0.0009009182103909552,xgboost_exog_past_weather,past_exog_context_only
240,exog_relative_humidity_2m_lag168,0.0008251908584497869,xgboost_exog_past_weather,past_exog_context_only
240,exog_relative_humidity_2m_roll24,0.0010065262904390693,xgboost_exog_past_weather,past_exog_context_only
240,exog_relative_humidity_2m_roll168,0.0009630075073800981,xgboost_exog_past_weather,past_exog_context_only
240,exog_precipitation_lag1,0.0007338799769058824,xgboost_exog_past_weather,past_exog_context_only
240,exog_precipitation_lag24,0.0011619242141023278,xgboost_exog_past_weather,past_exog_context_only
240,exog_precipitation_lag168,0.0005079174297861755,xgboost_exog_past_weather,past_exog_context_only
240,exog_precipitation_roll24,0.0008714845753274858,xgboost_exog_past_weather,past_exog_context_only
240,exog_precipitation_roll168,0.0008493338245898485,xgboost_exog_past_weather,past_exog_context_only
240,exog_heating_degree_lag1,0.0008005192503333092,xgboost_exog_past_weather,past_exog_context_only
240,exog_heating_degree_lag24,0.0006576080922968686,xgboost_exog_past_weather,past_exog_context_only
240,exog_heating_degree_lag168,0.001086920965462923,xgboost_exog_past_weather,past_exog_context_only
240,exog_heating_degree_roll24,0.001163157750852406,xgboost_exog_past_weather,past_exog_context_only
240,exog_heating_degree_roll168,0.0013172226026654243,xgboost_exog_past_weather,past_exog_context_only
240,exog_cooling_degree_lag1,0.0006512826075777411,xgboost_exog_past_weather,past_exog_context_only
240,exog_cooling_degree_lag24,0.0009436546242795885,xgboost_exog_past_weather,past_exog_context_only
240,exog_cooling_degree_lag168,0.0008794732275418937,xgboost_exog_past_weather,past_exog_context_only
240,exog_cooling_degree_roll24,0.0012983903288841248,xgboost_exog_past_weather,past_exog_context_only
240,exog_cooling_degree_roll168,0.00115307979285717,xgboost_exog_past_weather,past_exog_context_only
240,exog_hour_lag1,0.024576999247074127,xgboost_exog_past_weather,past_exog_context_only
240,exog_hour_lag24,0.010238070040941238,xgboost_exog_past_weather,past_exog_context_only
240,exog_hour_lag168,0.013469752855598927,xgboost_exog_past_weather,past_exog_context_only
240,exog_hour_roll24,0.0,xgboost_exog_past_weather,past_exog_context_only
240,exog_hour_roll168,0.0,xgboost_exog_past_weather,past_exog_context_only
240,exog_day_of_week_lag1,0.00128329882863909,xgboost_exog_past_weather,past_exog_context_only
240,exog_day_of_week_lag24,0.0006136334268376231,xgboost_exog_past_weather,past_exog_context_only
240,exog_day_of_week_lag168,0.0008176002302207053,xgboost_exog_past_weather,past_exog_context_only
240,exog_day_of_week_roll24,0.0010981097584590316,xgboost_exog_past_weather,past_exog_context_only
240,exog_day_of_week_roll168,0.0,xgboost_exog_past_weather,past_exog_context_only
240,exog_month_lag1,0.0021974239498376846,xgboost_exog_past_weather,past_exog_context_only
240,exog_month_lag24,0.0017516810912638903,xgboost_exog_past_weather,past_exog_context_only
240,exog_month_lag168,0.0017124706646427512,xgboost_exog_past_weather,past_exog_context_only
240,exog_month_roll24,0.0009348565945401788,xgboost_exog_past_weather,past_exog_context_only
240,exog_month_roll168,0.001732526463456452,xgboost_exog_past_weather,past_exog_context_only
240,exog_is_weekend_lag1,0.0,xgboost_exog_past_weather,past_exog_context_only
240,exog_is_weekend_lag24,0.0006150334374979138,xgboost_exog_past_weather,past_exog_context_only
240,exog_is_weekend_lag168,0.0,xgboost_exog_past_weather,past_exog_context_only
240,exog_is_weekend_roll24,0.0009394094231538475,xgboost_exog_past_weather,past_exog_context_only
240,exog_is_weekend_roll168,0.0,xgboost_exog_past_weather,past_exog_context_only
240,exog_hour_sin_lag1,0.003818815341219306,xgboost_exog_past_weather,past_exog_context_only
240,exog_hour_sin_lag24,0.003426340874284506,xgboost_exog_past_weather,past_exog_context_only
240,exog_hour_sin_lag168,0.000898310448974371,xgboost_exog_past_weather,past_exog_context_only
240,exog_hour_sin_roll24,0.0,xgboost_exog_past_weather,past_exog_context_only
240,exog_hour_sin_roll168,0.0,xgboost_exog_past_weather,past_exog_context_only
240,exog_hour_cos_lag1,0.020316803827881813,xgboost_exog_past_weather,past_exog_context_only
240,exog_hour_cos_lag24,0.01181006245315075,xgboost_exog_past_weather,past_exog_context_only
240,exog_hour_cos_lag168,0.020850395783782005,xgboost_exog_past_weather,past_exog_context_only
240,exog_hour_cos_roll24,0.0,xgboost_exog_past_weather,past_exog_context_only
240,exog_hour_cos_roll168,0.0,xgboost_exog_past_weather,past_exog_context_only
240,exog_dayofweek_sin_lag1,0.001217659912072122,xgboost_exog_past_weather,past_exog_context_only
240,exog_dayofweek_sin_lag24,0.000712340755853802,xgboost_exog_past_weather,past_exog_context_only
240,exog_dayofweek_sin_lag168,0.001607601996511221,xgboost_exog_past_weather,past_exog_context_only
240,exog_dayofweek_sin_roll24,0.0012831839267164469,xgboost_exog_past_weather,past_exog_context_only
240,exog_dayofweek_sin_roll168,0.0,xgboost_exog_past_weather,past_exog_context_only
240,exog_dayofweek_cos_lag1,0.0007935556932352483,xgboost_exog_past_weather,past_exog_context_only
240,exog_dayofweek_cos_lag24,0.0021521442104130983,xgboost_exog_past_weather,past_exog_context_only
240,exog_dayofweek_cos_lag168,0.0008981626597233117,xgboost_exog_past_weather,past_exog_context_only
240,exog_dayofweek_cos_roll24,0.0012878536945208907,xgboost_exog_past_weather,past_exog_context_only
240,exog_dayofweek_cos_roll168,0.0,xgboost_exog_past_weather,past_exog_context_only
240,exog_month_sin_lag1,0.0015190263511613011,xgboost_exog_past_weather,past_exog_context_only
240,exog_month_sin_lag24,0.0010866982629522681,xgboost_exog_past_weather,past_exog_context_only
240,exog_month_sin_lag168,0.0015078358119353652,xgboost_exog_past_weather,past_exog_context_only
240,exog_month_sin_roll24,0.0028127972036600113,xgboost_exog_past_weather,past_exog_context_only
240,exog_month_sin_roll168,0.0019125393591821194,xgboost_exog_past_weather,past_exog_context_only
240,exog_month_cos_lag1,0.002564726397395134,xgboost_exog_past_weather,past_exog_context_only
240,exog_month_cos_lag24,0.0016577586065977812,xgboost_exog_past_weather,past_exog_context_only
240,exog_month_cos_lag168,0.002527346834540367,xgboost_exog_past_weather,past_exog_context_only
240,exog_month_cos_roll24,0.002257686108350754,xgboost_exog_past_weather,past_exog_context_only
240,exog_month_cos_roll168,0.002282568020746112,xgboost_exog_past_weather,past_exog_context_only
26,lag_t1,0.20644833147525787,xgboost_exog_past_weather,past_exog_context_only
26,lag_t2,0.0034918813034892082,xgboost_exog_past_weather,past_exog_context_only
26,lag_t3,0.0023387351538985968,xgboost_exog_past_weather,past_exog_context_only
26,lag_t6,0.0020449082367122173,xgboost_exog_past_weather,past_exog_context_only
26,lag_t12,0.0061661358922719955,xgboost_exog_past_weather,past_exog_context_only
26,lag_t24,0.18090851604938507,xgboost_exog_past_weather,past_exog_context_only
26,lag_t48,0.030447011813521385,xgboost_exog_past_weather,past_exog_context_only
26,lag_t168,0.22357723116874695,xgboost_exog_past_weather,past_exog_context_only
26,roll_24,0.004319633357226849,xgboost_exog_past_weather,past_exog_context_only
26,roll_168,0.0028389175422489643,xgboost_exog_past_weather,past_exog_context_only
26,exog_temperature_2m_lag1,0.002115378389135003,xgboost_exog_past_weather,past_exog_context_only
26,exog_temperature_2m_lag24,0.002145215170457959,xgboost_exog_past_weather,past_exog_context_only
26,exog_temperature_2m_lag168,0.002237655920907855,xgboost_exog_past_weather,past_exog_context_only
26,exog_temperature_2m_roll24,0.001829364337027073,xgboost_exog_past_weather,past_exog_context_only
26,exog_temperature_2m_roll168,0.0021331629250198603,xgboost_exog_past_weather,past_exog_context_only
26,exog_relative_humidity_2m_lag1,0.0017247215146198869,xgboost_exog_past_weather,past_exog_context_only
26,exog_relative_humidity_2m_lag24,0.0018141060136258602,xgboost_exog_past_weather,past_exog_context_only
26,exog_relative_humidity_2m_lag168,0.0022086624521762133,xgboost_exog_past_weather,past_exog_context_only
26,exog_relative_humidity_2m_roll24,0.0019072230206802487,xgboost_exog_past_weather,past_exog_context_only
26,exog_relative_humidity_2m_roll168,0.0019818285945802927,xgboost_exog_past_weather,past_exog_context_only
26,exog_precipitation_lag1,0.0013287215260788798,xgboost_exog_past_weather,past_exog_context_only
26,exog_precipitation_lag24,0.0015177809400483966,xgboost_exog_past_weather,past_exog_context_only
26,exog_precipitation_lag168,0.0016251960769295692,xgboost_exog_past_weather,past_exog_context_only
26,exog_precipitation_roll24,0.0015196703607216477,xgboost_exog_past_weather,past_exog_context_only
26,exog_precipitation_roll168,0.001906773541122675,xgboost_exog_past_weather,past_exog_context_only
26,exog_heating_degree_lag1,0.001290780259296298,xgboost_exog_past_weather,past_exog_context_only
26,exog_heating_degree_lag24,0.0015078370925039053,xgboost_exog_past_weather,past_exog_context_only
26,exog_heating_degree_lag168,0.001615918823517859,xgboost_exog_past_weather,past_exog_context_only
26,exog_heating_degree_roll24,0.001978066982701421,xgboost_exog_past_weather,past_exog_context_only
26,exog_heating_degree_roll168,0.002487862715497613,xgboost_exog_past_weather,past_exog_context_only
26,exog_cooling_degree_lag1,0.0022757856640964746,xgboost_exog_past_weather,past_exog_context_only
26,exog_cooling_degree_lag24,0.0021707918494939804,xgboost_exog_past_weather,past_exog_context_only
26,exog_cooling_degree_lag168,0.0034304792061448097,xgboost_exog_past_weather,past_exog_context_only
26,exog_cooling_degree_roll24,0.0024199599865823984,xgboost_exog_past_weather,past_exog_context_only
26,exog_cooling_degree_roll168,0.002548644319176674,xgboost_exog_past_weather,past_exog_context_only
26,exog_hour_lag1,0.02463414892554283,xgboost_exog_past_weather,past_exog_context_only
26,exog_hour_lag24,0.023124825209379196,xgboost_exog_past_weather,past_exog_context_only
26,exog_hour_lag168,0.029444362968206406,xgboost_exog_past_weather,past_exog_context_only
26,exog_hour_roll24,0.0,xgboost_exog_past_weather,past_exog_context_only
26,exog_hour_roll168,0.0,xgboost_exog_past_weather,past_exog_context_only
26,exog_day_of_week_lag1,0.0035438549239188433,xgboost_exog_past_weather,past_exog_context_only
26,exog_day_of_week_lag24,0.002993338042870164,xgboost_exog_past_weather,past_exog_context_only
26,exog_day_of_week_lag168,0.0029111909680068493,xgboost_exog_past_weather,past_exog_context_only
26,exog_day_of_week_roll24,0.0037025539204478264,xgboost_exog_past_weather,past_exog_context_only
26,exog_day_of_week_roll168,0.0,xgboost_exog_past_weather,past_exog_context_only
26,exog_month_lag1,0.002701468300074339,xgboost_exog_past_weather,past_exog_context_only
26,exog_month_lag24,0.004662439227104187,xgboost_exog_past_weather,past_exog_context_only
26,exog_month_lag168,0.004120632074773312,xgboost_exog_past_weather,past_exog_context_only
26,exog_month_roll24,0.002867763862013817,xgboost_exog_past_weather,past_exog_context_only
26,exog_month_roll168,0.0039479732513427734,xgboost_exog_past_weather,past_exog_context_only
26,exog_is_weekend_lag1,0.0,xgboost_exog_past_weather,past_exog_context_only
26,exog_is_weekend_lag24,0.0,xgboost_exog_past_weather,past_exog_context_only
26,exog_is_weekend_lag168,0.0,xgboost_exog_past_weather,past_exog_context_only
26,exog_is_weekend_roll24,0.007966662757098675,xgboost_exog_past_weather,past_exog_context_only
26,exog_is_weekend_roll168,0.0,xgboost_exog_past_weather,past_exog_context_only
26,exog_hour_sin_lag1,0.011747246608138084,xgboost_exog_past_weather,past_exog_context_only
26,exog_hour_sin_lag24,0.00980227068066597,xgboost_exog_past_weather,past_exog_context_only
26,exog_hour_sin_lag168,0.003930890001356602,xgboost_exog_past_weather,past_exog_context_only
26,exog_hour_sin_roll24,0.0,xgboost_exog_past_weather,past_exog_context_only
26,exog_hour_sin_roll168,0.0,xgboost_exog_past_weather,past_exog_context_only
26,exog_hour_cos_lag1,0.020701484754681587,xgboost_exog_past_weather,past_exog_context_only
26,exog_hour_cos_lag24,0.008671044372022152,xgboost_exog_past_weather,past_exog_context_only
26,exog_hour_cos_lag168,0.008461671881377697,xgboost_exog_past_weather,past_exog_context_only
26,exog_hour_cos_roll24,0.0,xgboost_exog_past_weather,past_exog_context_only
26,exog_hour_cos_roll168,0.0,xgboost_exog_past_weather,past_exog_context_only
26,exog_dayofweek_sin_lag1,0.0029937122017145157,xgboost_exog_past_weather,past_exog_context_only
26,exog_dayofweek_sin_lag24,0.011706935241818428,xgboost_exog_past_weather,past_exog_context_only
26,exog_dayofweek_sin_lag168,0.002539679640904069,xgboost_exog_past_weather,past_exog_context_only
26,exog_dayofweek_sin_roll24,0.0035303421318531036,xgboost_exog_past_weather,past_exog_context_only
26,exog_dayofweek_sin_roll168,0.0,xgboost_exog_past_weather,past_exog_context_only
26,exog_dayofweek_cos_lag1,0.009068508632481098,xgboost_exog_past_weather,past_exog_context_only
26,exog_dayofweek_cos_lag24,0.014719475992023945,xgboost_exog_past_weather,past_exog_context_only
26,exog_dayofweek_cos_lag168,0.008582689799368382,xgboost_exog_past_weather,past_exog_context_only
26,exog_dayofweek_cos_roll24,0.00605839304625988,xgboost_exog_past_weather,past_exog_context_only
26,exog_dayofweek_cos_roll168,0.0,xgboost_exog_past_weather,past_exog_context_only
26,exog_month_sin_lag1,0.0034674559719860554,xgboost_exog_past_weather,past_exog_context_only
26,exog_month_sin_lag24,0.0028319491539150476,xgboost_exog_past_weather,past_exog_context_only
26,exog_month_sin_lag168,0.0038089067675173283,xgboost_exog_past_weather,past_exog_context_only
26,exog_month_sin_roll24,0.002786767901852727,xgboost_exog_past_weather,past_exog_context_only
26,exog_month_sin_roll168,0.0032902194652706385,xgboost_exog_past_weather,past_exog_context_only
26,exog_month_cos_lag1,0.012971289455890656,xgboost_exog_past_weather,past_exog_context_only
26,exog_month_cos_lag24,0.0025944707449525595,xgboost_exog_past_weather,past_exog_context_only
26,exog_month_cos_lag168,0.005201904568821192,xgboost_exog_past_weather,past_exog_context_only
26,exog_month_cos_roll24,0.00444387923926115,xgboost_exog_past_weather,past_exog_context_only
26,exog_month_cos_roll168,0.007164801936596632,xgboost_exog_past_weather,past_exog_context_only
203,lag_t1,0.050867386162281036,xgboost_exog_past_weather,past_exog_context_only
203,lag_t2,0.004250086843967438,xgboost_exog_past_weather,past_exog_context_only
203,lag_t3,0.0015672344015911222,xgboost_exog_past_weather,past_exog_context_only
203,lag_t6,0.0014545320300385356,xgboost_exog_past_weather,past_exog_context_only
203,lag_t12,0.0028463404159992933,xgboost_exog_past_weather,past_exog_context_only
203,lag_t24,0.37322998046875,xgboost_exog_past_weather,past_exog_context_only
203,lag_t48,0.029601940885186195,xgboost_exog_past_weather,past_exog_context_only
203,lag_t168,0.3132280707359314,xgboost_exog_past_weather,past_exog_context_only
203,roll_24,0.009295943193137646,xgboost_exog_past_weather,past_exog_context_only
203,roll_168,0.0027380846440792084,xgboost_exog_past_weather,past_exog_context_only
203,exog_temperature_2m_lag1,0.0011645195772871375,xgboost_exog_past_weather,past_exog_context_only
203,exog_temperature_2m_lag24,0.0015396131202578545,xgboost_exog_past_weather,past_exog_context_only
203,exog_temperature_2m_lag168,0.0017044995911419392,xgboost_exog_past_weather,past_exog_context_only
203,exog_temperature_2m_roll24,0.001160906977020204,xgboost_exog_past_weather,past_exog_context_only
203,exog_temperature_2m_roll168,0.0014746973756700754,xgboost_exog_past_weather,past_exog_context_only
203,exog_relative_humidity_2m_lag1,0.000999261043034494,xgboost_exog_past_weather,past_exog_context_only
203,exog_relative_humidity_2m_lag24,0.0010338147403672338,xgboost_exog_past_weather,past_exog_context_only
203,exog_relative_humidity_2m_lag168,0.0011447801953181624,xgboost_exog_past_weather,past_exog_context_only
203,exog_relative_humidity_2m_roll24,0.0012258465867489576,xgboost_exog_past_weather,past_exog_context_only
203,exog_relative_humidity_2m_roll168,0.0012243498349562287,xgboost_exog_past_weather,past_exog_context_only
203,exog_precipitation_lag1,0.0012281322851777077,xgboost_exog_past_weather,past_exog_context_only
203,exog_precipitation_lag24,0.0006484203040599823,xgboost_exog_past_weather,past_exog_context_only
203,exog_precipitation_lag168,0.0007432545535266399,xgboost_exog_past_weather,past_exog_context_only
203,exog_precipitation_roll24,0.0009843765292316675,xgboost_exog_past_weather,past_exog_context_only
203,exog_precipitation_roll168,0.0009057146380655468,xgboost_exog_past_weather,past_exog_context_only
203,exog_heating_degree_lag1,0.0007297156844288111,xgboost_exog_past_weather,past_exog_context_only
203,exog_heating_degree_lag24,0.0007472489378415048,xgboost_exog_past_weather,past_exog_context_only
203,exog_heating_degree_lag168,0.0015017818659543991,xgboost_exog_past_weather,past_exog_context_only
203,exog_heating_degree_roll24,0.0013380317250266671,xgboost_exog_past_weather,past_exog_context_only
203,exog_heating_degree_roll168,0.0026873666793107986,xgboost_exog_past_weather,past_exog_context_only
203,exog_cooling_degree_lag1,0.0009060860029421747,xgboost_exog_past_weather,past_exog_context_only
203,exog_cooling_degree_lag24,0.001544901984743774,xgboost_exog_past_weather,past_exog_context_only
203,exog_cooling_degree_lag168,0.0027953614480793476,xgboost_exog_past_weather,past_exog_context_only
203,exog_cooling_degree_roll24,0.0013403655029833317,xgboost_exog_past_weather,past_exog_context_only
203,exog_cooling_degree_roll168,0.0014491259353235364,xgboost_exog_past_weather,past_exog_context_only
203,exog_hour_lag1,0.04121377691626549,xgboost_exog_past_weather,past_exog_context_only
203,exog_hour_lag24,0.011913654394447803,xgboost_exog_past_weather,past_exog_context_only
203,exog_hour_lag168,0.012582194060087204,xgboost_exog_past_weather,past_exog_context_only
203,exog_hour_roll24,0.0,xgboost_exog_past_weather,past_exog_context_only
203,exog_hour_roll168,0.0,xgboost_exog_past_weather,past_exog_context_only
203,exog_day_of_week_lag1,0.0016006665537133813,xgboost_exog_past_weather,past_exog_context_only
203,exog_day_of_week_lag24,0.0019717963878065348,xgboost_exog_past_weather,past_exog_context_only
203,exog_day_of_week_lag168,0.0006721127429045737,xgboost_exog_past_weather,past_exog_context_only
203,exog_day_of_week_roll24,0.00215475563891232,xgboost_exog_past_weather,past_exog_context_only
203,exog_day_of_week_roll168,0.0,xgboost_exog_past_weather,past_exog_context_only
203,exog_month_lag1,0.004062509164214134,xgboost_exog_past_weather,past_exog_context_only
203,exog_month_lag24,0.0015707907732576132,xgboost_exog_past_weather,past_exog_context_only
203,exog_month_lag168,0.0016721592983230948,xgboost_exog_past_weather,past_exog_context_only
203,exog_month_roll24,0.0034305620938539505,xgboost_exog_past_weather,past_exog_context_only
203,exog_month_roll168,0.0021309219300746918,xgboost_exog_past_weather,past_exog_context_only
203,exog_is_weekend_lag1,0.0,xgboost_exog_past_weather,past_exog_context_only
203,exog_is_weekend_lag24,0.0,xgboost_exog_past_weather,past_exog_context_only
203,exog_is_weekend_lag168,0.0,xgboost_exog_past_weather,past_exog_context_only
203,exog_is_weekend_roll24,0.002029180759564042,xgboost_exog_past_weather,past_exog_context_only
203,exog_is_weekend_roll168,0.0,xgboost_exog_past_weather,past_exog_context_only
203,exog_hour_sin_lag1,0.0036619652528315783,xgboost_exog_past_weather,past_exog_context_only
203,exog_hour_sin_lag24,0.0020398348569869995,xgboost_exog_past_weather,past_exog_context_only
203,exog_hour_sin_lag168,0.0011864674743264914,xgboost_exog_past_weather,past_exog_context_only
203,exog_hour_sin_roll24,0.0,xgboost_exog_past_weather,past_exog_context_only
203,exog_hour_sin_roll168,0.0,xgboost_exog_past_weather,past_exog_context_only
203,exog_hour_cos_lag1,0.005691212601959705,xgboost_exog_past_weather,past_exog_context_only
203,exog_hour_cos_lag24,0.015252826735377312,xgboost_exog_past_weather,past_exog_context_only
203,exog_hour_cos_lag168,0.025956200435757637,xgboost_exog_past_weather,past_exog_context_only
203,exog_hour_cos_roll24,0.0,xgboost_exog_past_weather,past_exog_context_only
203,exog_hour_cos_roll168,0.0,xgboost_exog_past_weather,past_exog_context_only
203,exog_dayofweek_sin_lag1,0.0031495215371251106,xgboost_exog_past_weather,past_exog_context_only
203,exog_dayofweek_sin_lag24,0.002289027441293001,xgboost_exog_past_weather,past_exog_context_only
203,exog_dayofweek_sin_lag168,0.005741753615438938,xgboost_exog_past_weather,past_exog_context_only
203,exog_dayofweek_sin_roll24,0.002151231048628688,xgboost_exog_past_weather,past_exog_context_only
203,exog_dayofweek_sin_roll168,0.0,xgboost_exog_past_weather,past_exog_context_only
203,exog_dayofweek_cos_lag1,0.0016388981603085995,xgboost_exog_past_weather,past_exog_context_only
203,exog_dayofweek_cos_lag24,0.0010076785692945123,xgboost_exog_past_weather,past_exog_context_only
203,exog_dayofweek_cos_lag168,0.0016503729857504368,xgboost_exog_past_weather,past_exog_context_only
203,exog_dayofweek_cos_roll24,0.0020526929292827845,xgboost_exog_past_weather,past_exog_context_only
203,exog_dayofweek_cos_roll168,0.0,xgboost_exog_past_weather,past_exog_context_only
203,exog_month_sin_lag1,0.0021552229300141335,xgboost_exog_past_weather,past_exog_context_only
203,exog_month_sin_lag24,0.0011925051221624017,xgboost_exog_past_weather,past_exog_context_only
203,exog_month_sin_lag168,0.0011849100701510906,xgboost_exog_past_weather,past_exog_context_only
203,exog_month_sin_roll24,0.0012206577230244875,xgboost_exog_past_weather,past_exog_context_only
203,exog_month_sin_roll168,0.001577618415467441,xgboost_exog_past_weather,past_exog_context_only
203,exog_month_cos_lag1,0.001475937431678176,xgboost_exog_past_weather,past_exog_context_only
203,exog_month_cos_lag24,0.0015734296757727861,xgboost_exog_past_weather,past_exog_context_only
203,exog_month_cos_lag168,0.0038417805917561054,xgboost_exog_past_weather,past_exog_context_only
203,exog_month_cos_roll24,0.0023044366389513016,xgboost_exog_past_weather,past_exog_context_only
203,exog_month_cos_roll168,0.001697015599347651,xgboost_exog_past_weather,past_exog_context_only
134,lag_t1,0.06541595607995987,xgboost_exog_past_weather,past_exog_context_only
134,lag_t2,0.004595641046762466,xgboost_exog_past_weather,past_exog_context_only
134,lag_t3,0.0037605406250804663,xgboost_exog_past_weather,past_exog_context_only
134,lag_t6,0.003025817684829235,xgboost_exog_past_weather,past_exog_context_only
134,lag_t12,0.0022740215063095093,xgboost_exog_past_weather,past_exog_context_only
134,lag_t24,0.028598269447684288,xgboost_exog_past_weather,past_exog_context_only
134,lag_t48,0.007398807909339666,xgboost_exog_past_weather,past_exog_context_only
134,lag_t168,0.4610484540462494,xgboost_exog_past_weather,past_exog_context_only
134,roll_24,0.0030704329255968332,xgboost_exog_past_weather,past_exog_context_only
134,roll_168,0.0025693238712847233,xgboost_exog_past_weather,past_exog_context_only
134,exog_temperature_2m_lag1,0.0016564232064411044,xgboost_exog_past_weather,past_exog_context_only
134,exog_temperature_2m_lag24,0.0016762593295425177,xgboost_exog_past_weather,past_exog_context_only
134,exog_temperature_2m_lag168,0.0027730977162718773,xgboost_exog_past_weather,past_exog_context_only
134,exog_temperature_2m_roll24,0.002299184212461114,xgboost_exog_past_weather,past_exog_context_only
134,exog_temperature_2m_roll168,0.0018878222908824682,xgboost_exog_past_weather,past_exog_context_only
134,exog_relative_humidity_2m_lag1,0.0013396793510764837,xgboost_exog_past_weather,past_exog_context_only
134,exog_relative_humidity_2m_lag24,0.0012276055058464408,xgboost_exog_past_weather,past_exog_context_only
134,exog_relative_humidity_2m_lag168,0.001489698188379407,xgboost_exog_past_weather,past_exog_context_only
134,exog_relative_humidity_2m_roll24,0.0015287590213119984,xgboost_exog_past_weather,past_exog_context_only
134,exog_relative_humidity_2m_roll168,0.0014649038203060627,xgboost_exog_past_weather,past_exog_context_only
134,exog_precipitation_lag1,0.0012713365722447634,xgboost_exog_past_weather,past_exog_context_only
134,exog_precipitation_lag24,0.001152712618932128,xgboost_exog_past_weather,past_exog_context_only
134,exog_precipitation_lag168,0.0010858160676434636,xgboost_exog_past_weather,past_exog_context_only
134,exog_precipitation_roll24,0.0014814668102189898,xgboost_exog_past_weather,past_exog_context_only
134,exog_precipitation_roll168,0.001687845797277987,xgboost_exog_past_weather,past_exog_context_only
134,exog_heating_degree_lag1,0.0011120159178972244,xgboost_exog_past_weather,past_exog_context_only
134,exog_heating_degree_lag24,0.0011534914374351501,xgboost_exog_past_weather,past_exog_context_only
134,exog_heating_degree_lag168,0.0018410852644592524,xgboost_exog_past_weather,past_exog_context_only
134,exog_heating_degree_roll24,0.002244562841951847,xgboost_exog_past_weather,past_exog_context_only
134,exog_heating_degree_roll168,0.0017193879466503859,xgboost_exog_past_weather,past_exog_context_only
134,exog_cooling_degree_lag1,0.0018489484209567308,xgboost_exog_past_weather,past_exog_context_only
134,exog_cooling_degree_lag24,0.0012926480267196894,xgboost_exog_past_weather,past_exog_context_only
134,exog_cooling_degree_lag168,0.0024566417559981346,xgboost_exog_past_weather,past_exog_context_only
134,exog_cooling_degree_roll24,0.0015582131454721093,xgboost_exog_past_weather,past_exog_context_only
134,exog_cooling_degree_roll168,0.0020324017386883497,xgboost_exog_past_weather,past_exog_context_only
134,exog_hour_lag1,0.013949429616332054,xgboost_exog_past_weather,past_exog_context_only
134,exog_hour_lag24,0.018320104107260704,xgboost_exog_past_weather,past_exog_context_only
134,exog_hour_lag168,0.01495322585105896,xgboost_exog_past_weather,past_exog_context_only
134,exog_hour_roll24,0.0,xgboost_exog_past_weather,past_exog_context_only
134,exog_hour_roll168,0.0,xgboost_exog_past_weather,past_exog_context_only
134,exog_day_of_week_lag1,0.004340375307947397,xgboost_exog_past_weather,past_exog_context_only
134,exog_day_of_week_lag24,0.007312297821044922,xgboost_exog_past_weather,past_exog_context_only
134,exog_day_of_week_lag168,0.001360729685984552,xgboost_exog_past_weather,past_exog_context_only
134,exog_day_of_week_roll24,0.0038292352110147476,xgboost_exog_past_weather,past_exog_context_only
134,exog_day_of_week_roll168,0.0,xgboost_exog_past_weather,past_exog_context_only
134,exog_month_lag1,0.004715019837021828,xgboost_exog_past_weather,past_exog_context_only
134,exog_month_lag24,0.006271171383559704,xgboost_exog_past_weather,past_exog_context_only
134,exog_month_lag168,0.006537086796015501,xgboost_exog_past_weather,past_exog_context_only
134,exog_month_roll24,0.002421852434054017,xgboost_exog_past_weather,past_exog_context_only
134,exog_month_roll168,0.002887136535719037,xgboost_exog_past_weather,past_exog_context_only
134,exog_is_weekend_lag1,0.0003292319888714701,xgboost_exog_past_weather,past_exog_context_only
134,exog_is_weekend_lag24,0.006750429980456829,xgboost_exog_past_weather,past_exog_context_only
134,exog_is_weekend_lag168,0.0008062029373832047,xgboost_exog_past_weather,past_exog_context_only
134,exog_is_weekend_roll24,0.0048409923911094666,xgboost_exog_past_weather,past_exog_context_only
134,exog_is_weekend_roll168,0.0,xgboost_exog_past_weather,past_exog_context_only
134,exog_hour_sin_lag1,0.015431695617735386,xgboost_exog_past_weather,past_exog_context_only
134,exog_hour_sin_lag24,0.009266382083296776,xgboost_exog_past_weather,past_exog_context_only
134,exog_hour_sin_lag168,0.009368429891765118,xgboost_exog_past_weather,past_exog_context_only
134,exog_hour_sin_roll24,0.0,xgboost_exog_past_weather,past_exog_context_only
134,exog_hour_sin_roll168,0.0,xgboost_exog_past_weather,past_exog_context_only
134,exog_hour_cos_lag1,0.0228177048265934,xgboost_exog_past_weather,past_exog_context_only
134,exog_hour_cos_lag24,0.01389803271740675,xgboost_exog_past_weather,past_exog_context_only
134,exog_hour_cos_lag168,0.01072387769818306,xgboost_exog_past_weather,past_exog_context_only
134,exog_hour_cos_roll24,0.0,xgboost_exog_past_weather,past_exog_context_only
134,exog_hour_cos_roll168,0.0,xgboost_exog_past_weather,past_exog_context_only
134,exog_dayofweek_sin_lag1,0.0037768674083054066,xgboost_exog_past_weather,past_exog_context_only
134,exog_dayofweek_sin_lag24,0.009732739999890327,xgboost_exog_past_weather,past_exog_context_only
134,exog_dayofweek_sin_lag168,0.007700572721660137,xgboost_exog_past_weather,past_exog_context_only
134,exog_dayofweek_sin_roll24,0.004265295807272196,xgboost_exog_past_weather,past_exog_context_only
134,exog_dayofweek_sin_roll168,0.0,xgboost_exog_past_weather,past_exog_context_only
134,exog_dayofweek_cos_lag1,0.0084778917953372,xgboost_exog_past_weather,past_exog_context_only
134,exog_dayofweek_cos_lag24,0.035858750343322754,xgboost_exog_past_weather,past_exog_context_only
134,exog_dayofweek_cos_lag168,0.06537578254938126,xgboost_exog_past_weather,past_exog_context_only
134,exog_dayofweek_cos_roll24,0.021590635180473328,xgboost_exog_past_weather,past_exog_context_only
134,exog_dayofweek_cos_roll168,0.0,xgboost_exog_past_weather,past_exog_context_only
134,exog_month_sin_lag1,0.00460791913792491,xgboost_exog_past_weather,past_exog_context_only
134,exog_month_sin_lag24,0.004009013995528221,xgboost_exog_past_weather,past_exog_context_only
134,exog_month_sin_lag168,0.003865181002765894,xgboost_exog_past_weather,past_exog_context_only
134,exog_month_sin_roll24,0.0021524603944271803,xgboost_exog_past_weather,past_exog_context_only
134,exog_month_sin_roll168,0.0033345366828143597,xgboost_exog_past_weather,past_exog_context_only
134,exog_month_cos_lag1,0.006109757348895073,xgboost_exog_past_weather,past_exog_context_only
134,exog_month_cos_lag24,0.0027066064067184925,xgboost_exog_past_weather,past_exog_context_only
134,exog_month_cos_lag168,0.0025880460161715746,xgboost_exog_past_weather,past_exog_context_only
134,exog_month_cos_roll24,0.002004102570936084,xgboost_exog_past_weather,past_exog_context_only
134,exog_month_cos_roll168,0.007673933636397123,xgboost_exog_past_weather,past_exog_context_only
133,lag_t1,0.33862438797950745,xgboost_exog_past_weather,past_exog_context_only
133,lag_t2,0.02783266268670559,xgboost_exog_past_weather,past_exog_context_only
133,lag_t3,0.00830981507897377,xgboost_exog_past_weather,past_exog_context_only
133,lag_t6,0.006371767725795507,xgboost_exog_past_weather,past_exog_context_only
133,lag_t12,0.00348339113406837,xgboost_exog_past_weather,past_exog_context_only
133,lag_t24,0.01316914800554514,xgboost_exog_past_weather,past_exog_context_only
133,lag_t48,0.0051705604419112206,xgboost_exog_past_weather,past_exog_context_only
133,lag_t168,0.10180390626192093,xgboost_exog_past_weather,past_exog_context_only
133,roll_24,0.00479179248213768,xgboost_exog_past_weather,past_exog_context_only
133,roll_168,0.0034277127124369144,xgboost_exog_past_weather,past_exog_context_only
133,exog_temperature_2m_lag1,0.002879392122849822,xgboost_exog_past_weather,past_exog_context_only
133,exog_temperature_2m_lag24,0.0031694683711975813,xgboost_exog_past_weather,past_exog_context_only
133,exog_temperature_2m_lag168,0.00293999002315104,xgboost_exog_past_weather,past_exog_context_only
133,exog_temperature_2m_roll24,0.003534760558977723,xgboost_exog_past_weather,past_exog_context_only
133,exog_temperature_2m_roll168,0.0041878679767251015,xgboost_exog_past_weather,past_exog_context_only
133,exog_relative_humidity_2m_lag1,0.004242082126438618,xgboost_exog_past_weather,past_exog_context_only
133,exog_relative_humidity_2m_lag24,0.0027803743723779917,xgboost_exog_past_weather,past_exog_context_only
133,exog_relative_humidity_2m_lag168,0.0037212863098829985,xgboost_exog_past_weather,past_exog_context_only
133,exog_relative_humidity_2m_roll24,0.005238259211182594,xgboost_exog_past_weather,past_exog_context_only
133,exog_relative_humidity_2m_roll168,0.0035693414974957705,xgboost_exog_past_weather,past_exog_context_only
133,exog_precipitation_lag1,0.0029326986987143755,xgboost_exog_past_weather,past_exog_context_only
133,exog_precipitation_lag24,0.0026532437186688185,xgboost_exog_past_weather,past_exog_context_only
133,exog_precipitation_lag168,0.00252543855458498,xgboost_exog_past_weather,past_exog_context_only
133,exog_precipitation_roll24,0.0026682871393859386,xgboost_exog_past_weather,past_exog_context_only
133,exog_precipitation_roll168,0.002537129446864128,xgboost_exog_past_weather,past_exog_context_only
133,exog_heating_degree_lag1,0.0029007343109697104,xgboost_exog_past_weather,past_exog_context_only
133,exog_heating_degree_lag24,0.002363602165132761,xgboost_exog_past_weather,past_exog_context_only
133,exog_heating_degree_lag168,0.0035911807790398598,xgboost_exog_past_weather,past_exog_context_only
133,exog_heating_degree_roll24,0.003848136169835925,xgboost_exog_past_weather,past_exog_context_only
133,exog_heating_degree_roll168,0.004989561624825001,xgboost_exog_past_weather,past_exog_context_only
133,exog_cooling_degree_lag1,0.002088925102725625,xgboost_exog_past_weather,past_exog_context_only
133,exog_cooling_degree_lag24,0.0029992263298481703,xgboost_exog_past_weather,past_exog_context_only
133,exog_cooling_degree_lag168,0.005280774086713791,xgboost_exog_past_weather,past_exog_context_only
133,exog_cooling_degree_roll24,0.0023761424235999584,xgboost_exog_past_weather,past_exog_context_only
133,exog_cooling_degree_roll168,0.0025335391983389854,xgboost_exog_past_weather,past_exog_context_only
133,exog_hour_lag1,0.013737494125962257,xgboost_exog_past_weather,past_exog_context_only
133,exog_hour_lag24,0.012699355371296406,xgboost_exog_past_weather,past_exog_context_only
133,exog_hour_lag168,0.05733388662338257,xgboost_exog_past_weather,past_exog_context_only
133,exog_hour_roll24,0.0,xgboost_exog_past_weather,past_exog_context_only
133,exog_hour_roll168,0.0,xgboost_exog_past_weather,past_exog_context_only
133,exog_day_of_week_lag1,0.005230434704571962,xgboost_exog_past_weather,past_exog_context_only
133,exog_day_of_week_lag24,0.003119535744190216,xgboost_exog_past_weather,past_exog_context_only
133,exog_day_of_week_lag168,0.002887922804802656,xgboost_exog_past_weather,past_exog_context_only
133,exog_day_of_week_roll24,0.004157226532697678,xgboost_exog_past_weather,past_exog_context_only
133,exog_day_of_week_roll168,0.0,xgboost_exog_past_weather,past_exog_context_only
133,exog_month_lag1,0.00255618360824883,xgboost_exog_past_weather,past_exog_context_only
133,exog_month_lag24,0.0024410344194620848,xgboost_exog_past_weather,past_exog_context_only
133,exog_month_lag168,0.002955034375190735,xgboost_exog_past_weather,past_exog_context_only
133,exog_month_roll24,0.004105058498680592,xgboost_exog_past_weather,past_exog_context_only
133,exog_month_roll168,0.007384969852864742,xgboost_exog_past_weather,past_exog_context_only
133,exog_is_weekend_lag1,0.0038174872752279043,xgboost_exog_past_weather,past_exog_context_only
133,exog_is_weekend_lag24,0.02457708865404129,xgboost_exog_past_weather,past_exog_context_only
133,exog_is_weekend_lag168,0.007389288395643234,xgboost_exog_past_weather,past_exog_context_only
133,exog_is_weekend_roll24,0.003540708450600505,xgboost_exog_past_weather,past_exog_context_only
133,exog_is_weekend_roll168,0.0,xgboost_exog_past_weather,past_exog_context_only
133,exog_hour_sin_lag1,0.008573989383876324,xgboost_exog_past_weather,past_exog_context_only
133,exog_hour_sin_lag24,0.010008805431425571,xgboost_exog_past_weather,past_exog_context_only
133,exog_hour_sin_lag168,0.007259730249643326,xgboost_exog_past_weather,past_exog_context_only
133,exog_hour_sin_roll24,0.0,xgboost_exog_past_weather,past_exog_context_only
133,exog_hour_sin_roll168,0.0,xgboost_exog_past_weather,past_exog_context_only
133,exog_hour_cos_lag1,0.020820843055844307,xgboost_exog_past_weather,past_exog_context_only
133,exog_hour_cos_lag24,0.021940089762210846,xgboost_exog_past_weather,past_exog_context_only
133,exog_hour_cos_lag168,0.01834680140018463,xgboost_exog_past_weather,past_exog_context_only
133,exog_hour_cos_roll24,0.0,xgboost_exog_past_weather,past_exog_context_only
133,exog_hour_cos_roll168,0.0,xgboost_exog_past_weather,past_exog_context_only
133,exog_dayofweek_sin_lag1,0.006105313077569008,xgboost_exog_past_weather,past_exog_context_only
133,exog_dayofweek_sin_lag24,0.03706030175089836,xgboost_exog_past_weather,past_exog_context_only
133,exog_dayofweek_sin_lag168,0.012024830095469952,xgboost_exog_past_weather,past_exog_context_only
133,exog_dayofweek_sin_roll24,0.0033579585142433643,xgboost_exog_past_weather,past_exog_context_only
133,exog_dayofweek_sin_roll168,0.0,xgboost_exog_past_weather,past_exog_context_only
133,exog_dayofweek_cos_lag1,0.01378673780709505,xgboost_exog_past_weather,past_exog_context_only
133,exog_dayofweek_cos_lag24,0.0,xgboost_exog_past_weather,past_exog_context_only
133,exog_dayofweek_cos_lag168,0.009384200908243656,xgboost_exog_past_weather,past_exog_context_only
133,exog_dayofweek_cos_roll24,0.03735125809907913,xgboost_exog_past_weather,past_exog_context_only
133,exog_dayofweek_cos_roll168,0.0,xgboost_exog_past_weather,past_exog_context_only
133,exog_month_sin_lag1,0.004629713483154774,xgboost_exog_past_weather,past_exog_context_only
133,exog_month_sin_lag24,0.0038625686429440975,xgboost_exog_past_weather,past_exog_context_only
133,exog_month_sin_lag168,0.0029185886960476637,xgboost_exog_past_weather,past_exog_context_only
133,exog_month_sin_roll24,0.003779190592467785,xgboost_exog_past_weather,past_exog_context_only
133,exog_month_sin_roll168,0.0037562912330031395,xgboost_exog_past_weather,past_exog_context_only
133,exog_month_cos_lag1,0.005218778271228075,xgboost_exog_past_weather,past_exog_context_only
133,exog_month_cos_lag24,0.002508066361770034,xgboost_exog_past_weather,past_exog_context_only
133,exog_month_cos_lag168,0.005143790040165186,xgboost_exog_past_weather,past_exog_context_only
133,exog_month_cos_roll24,0.0048085725866258144,xgboost_exog_past_weather,past_exog_context_only
133,exog_month_cos_roll168,0.003884326433762908,xgboost_exog_past_weather,past_exog_context_only
220,lag_t1,0.02589060366153717,xgboost_exog_past_weather,past_exog_context_only
220,lag_t2,0.004176453687250614,xgboost_exog_past_weather,past_exog_context_only
220,lag_t3,0.0013405116042122245,xgboost_exog_past_weather,past_exog_context_only
220,lag_t6,0.0007923577795736492,xgboost_exog_past_weather,past_exog_context_only
220,lag_t12,0.0019010044634342194,xgboost_exog_past_weather,past_exog_context_only
220,lag_t24,0.24735625088214874,xgboost_exog_past_weather,past_exog_context_only
220,lag_t48,0.008795122615993023,xgboost_exog_past_weather,past_exog_context_only
220,lag_t168,0.15612024068832397,xgboost_exog_past_weather,past_exog_context_only
220,roll_24,0.003372632432729006,xgboost_exog_past_weather,past_exog_context_only
220,roll_168,0.000865357113070786,xgboost_exog_past_weather,past_exog_context_only
220,exog_temperature_2m_lag1,0.000813468883279711,xgboost_exog_past_weather,past_exog_context_only
220,exog_temperature_2m_lag24,0.0005779904313385487,xgboost_exog_past_weather,past_exog_context_only
220,exog_temperature_2m_lag168,0.0006747447187080979,xgboost_exog_past_weather,past_exog_context_only
220,exog_temperature_2m_roll24,0.0006833928637206554,xgboost_exog_past_weather,past_exog_context_only
220,exog_temperature_2m_roll168,0.0008662385516799986,xgboost_exog_past_weather,past_exog_context_only
220,exog_relative_humidity_2m_lag1,0.00043922668555751443,xgboost_exog_past_weather,past_exog_context_only
220,exog_relative_humidity_2m_lag24,0.0004061762010678649,xgboost_exog_past_weather,past_exog_context_only
220,exog_relative_humidity_2m_lag168,0.0004894277662970126,xgboost_exog_past_weather,past_exog_context_only
220,exog_relative_humidity_2m_roll24,0.0005228584632277489,xgboost_exog_past_weather,past_exog_context_only
220,exog_relative_humidity_2m_roll168,0.000744328077416867,xgboost_exog_past_weather,past_exog_context_only
220,exog_precipitation_lag1,0.0004908543196506798,xgboost_exog_past_weather,past_exog_context_only
220,exog_precipitation_lag24,0.0003102127811871469,xgboost_exog_past_weather,past_exog_context_only
220,exog_precipitation_lag168,0.0005163404275663197,xgboost_exog_past_weather,past_exog_context_only
220,exog_precipitation_roll24,0.00033326519769616425,xgboost_exog_past_weather,past_exog_context_only
220,exog_precipitation_roll168,0.00042443687561899424,xgboost_exog_past_weather,past_exog_context_only
220,exog_heating_degree_lag1,0.000527360534761101,xgboost_exog_past_weather,past_exog_context_only
220,exog_heating_degree_lag24,0.0004329801013227552,xgboost_exog_past_weather,past_exog_context_only
220,exog_heating_degree_lag168,0.00045329442946240306,xgboost_exog_past_weather,past_exog_context_only
220,exog_heating_degree_roll24,0.0007149517768993974,xgboost_exog_past_weather,past_exog_context_only
220,exog_heating_degree_roll168,0.0009164699004031718,xgboost_exog_past_weather,past_exog_context_only
220,exog_cooling_degree_lag1,0.0005434232298284769,xgboost_exog_past_weather,past_exog_context_only
220,exog_cooling_degree_lag24,0.0004270416684448719,xgboost_exog_past_weather,past_exog_context_only
220,exog_cooling_degree_lag168,0.0006991307018324733,xgboost_exog_past_weather,past_exog_context_only
220,exog_cooling_degree_roll24,0.0006498965667560697,xgboost_exog_past_weather,past_exog_context_only
220,exog_cooling_degree_roll168,0.0006406910251826048,xgboost_exog_past_weather,past_exog_context_only
220,exog_hour_lag1,0.022045215591788292,xgboost_exog_past_weather,past_exog_context_only
220,exog_hour_lag24,0.14322711527347565,xgboost_exog_past_weather,past_exog_context_only
220,exog_hour_lag168,0.33066505193710327,xgboost_exog_past_weather,past_exog_context_only
220,exog_hour_roll24,0.0,xgboost_exog_past_weather,past_exog_context_only
220,exog_hour_roll168,0.0,xgboost_exog_past_weather,past_exog_context_only
220,exog_day_of_week_lag1,0.0007797402213327587,xgboost_exog_past_weather,past_exog_context_only
220,exog_day_of_week_lag24,0.0007991494494490325,xgboost_exog_past_weather,past_exog_context_only
220,exog_day_of_week_lag168,0.00031500571640208364,xgboost_exog_past_weather,past_exog_context_only
220,exog_day_of_week_roll24,0.0008392918389290571,xgboost_exog_past_weather,past_exog_context_only
220,exog_day_of_week_roll168,0.0,xgboost_exog_past_weather,past_exog_context_only
220,exog_month_lag1,0.0005603455938398838,xgboost_exog_past_weather,past_exog_context_only
220,exog_month_lag24,0.00048734102165326476,xgboost_exog_past_weather,past_exog_context_only
220,exog_month_lag168,0.0013134448090568185,xgboost_exog_past_weather,past_exog_context_only
220,exog_month_roll24,0.0005929028848186135,xgboost_exog_past_weather,past_exog_context_only
220,exog_month_roll168,0.0011444493429735303,xgboost_exog_past_weather,past_exog_context_only
220,exog_is_weekend_lag1,0.0,xgboost_exog_past_weather,past_exog_context_only
220,exog_is_weekend_lag24,0.0010772639652714133,xgboost_exog_past_weather,past_exog_context_only
220,exog_is_weekend_lag168,0.0,xgboost_exog_past_weather,past_exog_context_only
220,exog_is_weekend_roll24,0.0008149859495460987,xgboost_exog_past_weather,past_exog_context_only
220,exog_is_weekend_roll168,0.0,xgboost_exog_past_weather,past_exog_context_only
220,exog_hour_sin_lag1,0.0011607197811827064,xgboost_exog_past_weather,past_exog_context_only
220,exog_hour_sin_lag24,0.0019764502067118883,xgboost_exog_past_weather,past_exog_context_only
220,exog_hour_sin_lag168,0.001482587424106896,xgboost_exog_past_weather,past_exog_context_only
220,exog_hour_sin_roll24,0.0,xgboost_exog_past_weather,past_exog_context_only
220,exog_hour_sin_roll168,0.0,xgboost_exog_past_weather,past_exog_context_only
220,exog_hour_cos_lag1,0.005006062798202038,xgboost_exog_past_weather,past_exog_context_only
220,exog_hour_cos_lag24,0.002755254739895463,xgboost_exog_past_weather,past_exog_context_only
220,exog_hour_cos_lag168,0.002185867168009281,xgboost_exog_past_weather,past_exog_context_only
220,exog_hour_cos_roll24,0.0,xgboost_exog_past_weather,past_exog_context_only
220,exog_hour_cos_roll168,0.0,xgboost_exog_past_weather,past_exog_context_only
220,exog_dayofweek_sin_lag1,0.0009596976451575756,xgboost_exog_past_weather,past_exog_context_only
220,exog_dayofweek_sin_lag24,0.0012364209396764636,xgboost_exog_past_weather,past_exog_context_only
220,exog_dayofweek_sin_lag168,0.0013518288033083081,xgboost_exog_past_weather,past_exog_context_only
220,exog_dayofweek_sin_roll24,0.0007433365099132061,xgboost_exog_past_weather,past_exog_context_only
220,exog_dayofweek_sin_roll168,0.0,xgboost_exog_past_weather,past_exog_context_only
220,exog_dayofweek_cos_lag1,0.0008796901674941182,xgboost_exog_past_weather,past_exog_context_only
220,exog_dayofweek_cos_lag24,0.000912595889531076,xgboost_exog_past_weather,past_exog_context_only
220,exog_dayofweek_cos_lag168,0.001047687721438706,xgboost_exog_past_weather,past_exog_context_only
220,exog_dayofweek_cos_roll24,0.00056045240489766,xgboost_exog_past_weather,past_exog_context_only
220,exog_dayofweek_cos_roll168,0.0,xgboost_exog_past_weather,past_exog_context_only
220,exog_month_sin_lag1,0.0004402293998282403,xgboost_exog_past_weather,past_exog_context_only
220,exog_month_sin_lag24,0.0007563537219539285,xgboost_exog_past_weather,past_exog_context_only
220,exog_month_sin_lag168,0.0005269970861263573,xgboost_exog_past_weather,past_exog_context_only
220,exog_month_sin_roll24,0.0007581012905575335,xgboost_exog_past_weather,past_exog_context_only
220,exog_month_sin_roll168,0.0006271988968364894,xgboost_exog_past_weather,past_exog_context_only
220,exog_month_cos_lag1,0.0007789878873154521,xgboost_exog_past_weather,past_exog_context_only
220,exog_month_cos_lag24,0.0003906393831130117,xgboost_exog_past_weather,past_exog_context_only
220,exog_month_cos_lag168,0.0010955778416246176,xgboost_exog_past_weather,past_exog_context_only
220,exog_month_cos_roll24,0.0017262318870052695,xgboost_exog_past_weather,past_exog_context_only
220,exog_month_cos_roll168,0.0010709990747272968,xgboost_exog_past_weather,past_exog_context_only
29,lag_t1,0.32251372933387756,xgboost_exog_past_weather,past_exog_context_only
29,lag_t2,0.015598154626786709,xgboost_exog_past_weather,past_exog_context_only
29,lag_t3,0.0075450558215379715,xgboost_exog_past_weather,past_exog_context_only
29,lag_t6,0.0035829346161335707,xgboost_exog_past_weather,past_exog_context_only
29,lag_t12,0.0027045838069170713,xgboost_exog_past_weather,past_exog_context_only
29,lag_t24,0.02333090454339981,xgboost_exog_past_weather,past_exog_context_only
29,lag_t48,0.002219585934653878,xgboost_exog_past_weather,past_exog_context_only
29,lag_t168,0.10307693481445312,xgboost_exog_past_weather,past_exog_context_only
29,roll_24,0.004872129298746586,xgboost_exog_past_weather,past_exog_context_only
29,roll_168,0.003653076011687517,xgboost_exog_past_weather,past_exog_context_only
29,exog_temperature_2m_lag1,0.001389494282193482,xgboost_exog_past_weather,past_exog_context_only
29,exog_temperature_2m_lag24,0.0015860878629609942,xgboost_exog_past_weather,past_exog_context_only
29,exog_temperature_2m_lag168,0.0015809749020263553,xgboost_exog_past_weather,past_exog_context_only
29,exog_temperature_2m_roll24,0.0013664033031091094,xgboost_exog_past_weather,past_exog_context_only
29,exog_temperature_2m_roll168,0.0018222483340650797,xgboost_exog_past_weather,past_exog_context_only
29,exog_relative_humidity_2m_lag1,0.0013869337271898985,xgboost_exog_past_weather,past_exog_context_only
29,exog_relative_humidity_2m_lag24,0.0013963452074676752,xgboost_exog_past_weather,past_exog_context_only
29,exog_relative_humidity_2m_lag168,0.0015869757626205683,xgboost_exog_past_weather,past_exog_context_only
29,exog_relative_humidity_2m_roll24,0.0016172879841178656,xgboost_exog_past_weather,past_exog_context_only
29,exog_relative_humidity_2m_roll168,0.002035546349361539,xgboost_exog_past_weather,past_exog_context_only
29,exog_precipitation_lag1,0.0014032619073987007,xgboost_exog_past_weather,past_exog_context_only
29,exog_precipitation_lag24,0.001125912182033062,xgboost_exog_past_weather,past_exog_context_only
29,exog_precipitation_lag168,0.0017948471941053867,xgboost_exog_past_weather,past_exog_context_only
29,exog_precipitation_roll24,0.0016504122177138925,xgboost_exog_past_weather,past_exog_context_only
29,exog_precipitation_roll168,0.001972839003428817,xgboost_exog_past_weather,past_exog_context_only
29,exog_heating_degree_lag1,0.0015335272764787078,xgboost_exog_past_weather,past_exog_context_only
29,exog_heating_degree_lag24,0.0011965470621362329,xgboost_exog_past_weather,past_exog_context_only
29,exog_heating_degree_lag168,0.0012911563972011209,xgboost_exog_past_weather,past_exog_context_only
29,exog_heating_degree_roll24,0.0016787752974778414,xgboost_exog_past_weather,past_exog_context_only
29,exog_heating_degree_roll168,0.0020180067513138056,xgboost_exog_past_weather,past_exog_context_only
29,exog_cooling_degree_lag1,0.0014633814571425319,xgboost_exog_past_weather,past_exog_context_only
29,exog_cooling_degree_lag24,0.0010563833639025688,xgboost_exog_past_weather,past_exog_context_only
29,exog_cooling_degree_lag168,0.0018070697551593184,xgboost_exog_past_weather,past_exog_context_only
29,exog_cooling_degree_roll24,0.0017779581248760223,xgboost_exog_past_weather,past_exog_context_only
29,exog_cooling_degree_roll168,0.0017572111682966352,xgboost_exog_past_weather,past_exog_context_only
29,exog_hour_lag1,0.020878974348306656,xgboost_exog_past_weather,past_exog_context_only
29,exog_hour_lag24,0.016795197501778603,xgboost_exog_past_weather,past_exog_context_only
29,exog_hour_lag168,0.018122121691703796,xgboost_exog_past_weather,past_exog_context_only
29,exog_hour_roll24,0.0,xgboost_exog_past_weather,past_exog_context_only
29,exog_hour_roll168,0.0,xgboost_exog_past_weather,past_exog_context_only
29,exog_day_of_week_lag1,0.0022179638035595417,xgboost_exog_past_weather,past_exog_context_only
29,exog_day_of_week_lag24,0.002071289112791419,xgboost_exog_past_weather,past_exog_context_only
29,exog_day_of_week_lag168,0.0024998977314680815,xgboost_exog_past_weather,past_exog_context_only
29,exog_day_of_week_roll24,0.0018990369280800223,xgboost_exog_past_weather,past_exog_context_only
29,exog_day_of_week_roll168,0.0,xgboost_exog_past_weather,past_exog_context_only
29,exog_month_lag1,0.003288679989054799,xgboost_exog_past_weather,past_exog_context_only
29,exog_month_lag24,0.0019270750926807523,xgboost_exog_past_weather,past_exog_context_only
29,exog_month_lag168,0.00276762992143631,xgboost_exog_past_weather,past_exog_context_only
29,exog_month_roll24,0.004173362627625465,xgboost_exog_past_weather,past_exog_context_only
29,exog_month_roll168,0.00346105988137424,xgboost_exog_past_weather,past_exog_context_only
29,exog_is_weekend_lag1,0.0017292305128648877,xgboost_exog_past_weather,past_exog_context_only
29,exog_is_weekend_lag24,0.0,xgboost_exog_past_weather,past_exog_context_only
29,exog_is_weekend_lag168,0.002425215672701597,xgboost_exog_past_weather,past_exog_context_only
29,exog_is_weekend_roll24,0.0022803833708167076,xgboost_exog_past_weather,past_exog_context_only
29,exog_is_weekend_roll168,0.0,xgboost_exog_past_weather,past_exog_context_only
29,exog_hour_sin_lag1,0.013267490081489086,xgboost_exog_past_weather,past_exog_context_only
29,exog_hour_sin_lag24,0.02448173612356186,xgboost_exog_past_weather,past_exog_context_only
29,exog_hour_sin_lag168,0.018296625465154648,xgboost_exog_past_weather,past_exog_context_only
29,exog_hour_sin_roll24,0.0,xgboost_exog_past_weather,past_exog_context_only
29,exog_hour_sin_roll168,0.0,xgboost_exog_past_weather,past_exog_context_only
29,exog_hour_cos_lag1,0.03304476663470268,xgboost_exog_past_weather,past_exog_context_only
29,exog_hour_cos_lag24,0.03713570907711983,xgboost_exog_past_weather,past_exog_context_only
29,exog_hour_cos_lag168,0.02115323767066002,xgboost_exog_past_weather,past_exog_context_only
29,exog_hour_cos_roll24,0.0,xgboost_exog_past_weather,past_exog_context_only
29,exog_hour_cos_roll168,0.0,xgboost_exog_past_weather,past_exog_context_only
29,exog_dayofweek_sin_lag1,0.006731551606208086,xgboost_exog_past_weather,past_exog_context_only
29,exog_dayofweek_sin_lag24,0.009082124568521976,xgboost_exog_past_weather,past_exog_context_only
29,exog_dayofweek_sin_lag168,0.008834784850478172,xgboost_exog_past_weather,past_exog_context_only
29,exog_dayofweek_sin_roll24,0.0019458490423858166,xgboost_exog_past_weather,past_exog_context_only
29,exog_dayofweek_sin_roll168,0.0,xgboost_exog_past_weather,past_exog_context_only
29,exog_dayofweek_cos_lag1,0.024267898872494698,xgboost_exog_past_weather,past_exog_context_only
29,exog_dayofweek_cos_lag24,0.0017537593375891447,xgboost_exog_past_weather,past_exog_context_only
29,exog_dayofweek_cos_lag168,0.13948749005794525,xgboost_exog_past_weather,past_exog_context_only
29,exog_dayofweek_cos_roll24,0.008712239563465118,xgboost_exog_past_weather,past_exog_context_only
29,exog_dayofweek_cos_roll168,0.0,xgboost_exog_past_weather,past_exog_context_only
29,exog_month_sin_lag1,0.0028015391435474157,xgboost_exog_past_weather,past_exog_context_only
29,exog_month_sin_lag24,0.0016135094920173287,xgboost_exog_past_weather,past_exog_context_only
29,exog_month_sin_lag168,0.003367194440215826,xgboost_exog_past_weather,past_exog_context_only
29,exog_month_sin_roll24,0.0017976976232603192,xgboost_exog_past_weather,past_exog_context_only
29,exog_month_sin_roll168,0.0031363298185169697,xgboost_exog_past_weather,past_exog_context_only
29,exog_month_cos_lag1,0.007434757426381111,xgboost_exog_past_weather,past_exog_context_only
29,exog_month_cos_lag24,0.0038432320579886436,xgboost_exog_past_weather,past_exog_context_only
29,exog_month_cos_lag168,0.002523635048419237,xgboost_exog_past_weather,past_exog_context_only
29,exog_month_cos_roll24,0.003582844277843833,xgboost_exog_past_weather,past_exog_context_only
29,exog_month_cos_roll168,0.0067741768434643745,xgboost_exog_past_weather,past_exog_context_only
62,lag_t1,0.021754583343863487,xgboost_exog_past_weather,past_exog_context_only
62,lag_t2,0.0020288617815822363,xgboost_exog_past_weather,past_exog_context_only
62,lag_t3,0.002369252499192953,xgboost_exog_past_weather,past_exog_context_only
62,lag_t6,0.00189748324919492,xgboost_exog_past_weather,past_exog_context_only
62,lag_t12,0.0021464296150952578,xgboost_exog_past_weather,past_exog_context_only
62,lag_t24,0.388338565826416,xgboost_exog_past_weather,past_exog_context_only
62,lag_t48,0.041106488555669785,xgboost_exog_past_weather,past_exog_context_only
62,lag_t168,0.3257249891757965,xgboost_exog_past_weather,past_exog_context_only
62,roll_24,0.0031061675399541855,xgboost_exog_past_weather,past_exog_context_only
62,roll_168,0.0018561520846560597,xgboost_exog_past_weather,past_exog_context_only
62,exog_temperature_2m_lag1,0.0011208945652469993,xgboost_exog_past_weather,past_exog_context_only
62,exog_temperature_2m_lag24,0.0012571130646392703,xgboost_exog_past_weather,past_exog_context_only
62,exog_temperature_2m_lag168,0.001531885820440948,xgboost_exog_past_weather,past_exog_context_only
62,exog_temperature_2m_roll24,0.0014882150571793318,xgboost_exog_past_weather,past_exog_context_only
62,exog_temperature_2m_roll168,0.0016695488011464477,xgboost_exog_past_weather,past_exog_context_only
62,exog_relative_humidity_2m_lag1,0.0012627646792680025,xgboost_exog_past_weather,past_exog_context_only
62,exog_relative_humidity_2m_lag24,0.0013956360053271055,xgboost_exog_past_weather,past_exog_context_only
62,exog_relative_humidity_2m_lag168,0.001408092794008553,xgboost_exog_past_weather,past_exog_context_only
62,exog_relative_humidity_2m_roll24,0.001397293875925243,xgboost_exog_past_weather,past_exog_context_only
62,exog_relative_humidity_2m_roll168,0.00144774850923568,xgboost_exog_past_weather,past_exog_context_only
62,exog_precipitation_lag1,0.001059642294421792,xgboost_exog_past_weather,past_exog_context_only
62,exog_precipitation_lag24,0.0011128019541501999,xgboost_exog_past_weather,past_exog_context_only
62,exog_precipitation_lag168,0.0009814163204282522,xgboost_exog_past_weather,past_exog_context_only
62,exog_precipitation_roll24,0.0013624288840219378,xgboost_exog_past_weather,past_exog_context_only
62,exog_precipitation_roll168,0.001311769592575729,xgboost_exog_past_weather,past_exog_context_only
62,exog_heating_degree_lag1,0.0012482847087085247,xgboost_exog_past_weather,past_exog_context_only
62,exog_heating_degree_lag24,0.0009914239635691047,xgboost_exog_past_weather,past_exog_context_only
62,exog_heating_degree_lag168,0.0010709725320339203,xgboost_exog_past_weather,past_exog_context_only
62,exog_heating_degree_roll24,0.0015922605525702238,xgboost_exog_past_weather,past_exog_context_only
62,exog_heating_degree_roll168,0.0019105829996988177,xgboost_exog_past_weather,past_exog_context_only
62,exog_cooling_degree_lag1,0.001501919236034155,xgboost_exog_past_weather,past_exog_context_only
62,exog_cooling_degree_lag24,0.0013434061547741294,xgboost_exog_past_weather,past_exog_context_only
62,exog_cooling_degree_lag168,0.0022811724338680506,xgboost_exog_past_weather,past_exog_context_only
62,exog_cooling_degree_roll24,0.0017780285561457276,xgboost_exog_past_weather,past_exog_context_only
62,exog_cooling_degree_roll168,0.0019154464825987816,xgboost_exog_past_weather,past_exog_context_only
62,exog_hour_lag1,0.010725069791078568,xgboost_exog_past_weather,past_exog_context_only
62,exog_hour_lag24,0.010670838877558708,xgboost_exog_past_weather,past_exog_context_only
62,exog_hour_lag168,0.008785723708570004,xgboost_exog_past_weather,past_exog_context_only
62,exog_hour_roll24,0.0,xgboost_exog_past_weather,past_exog_context_only
62,exog_hour_roll168,0.0,xgboost_exog_past_weather,past_exog_context_only
62,exog_day_of_week_lag1,0.0016612757463008165,xgboost_exog_past_weather,past_exog_context_only
62,exog_day_of_week_lag24,0.0021215423475950956,xgboost_exog_past_weather,past_exog_context_only
62,exog_day_of_week_lag168,0.0011060955002903938,xgboost_exog_past_weather,past_exog_context_only
62,exog_day_of_week_roll24,0.002997715724632144,xgboost_exog_past_weather,past_exog_context_only
62,exog_day_of_week_roll168,0.0,xgboost_exog_past_weather,past_exog_context_only
62,exog_month_lag1,0.0015213909791782498,xgboost_exog_past_weather,past_exog_context_only
62,exog_month_lag24,0.0016239521792158484,xgboost_exog_past_weather,past_exog_context_only
62,exog_month_lag168,0.0019695344381034374,xgboost_exog_past_weather,past_exog_context_only
62,exog_month_roll24,0.00146330741699785,xgboost_exog_past_weather,past_exog_context_only
62,exog_month_roll168,0.0022091036662459373,xgboost_exog_past_weather,past_exog_context_only
62,exog_is_weekend_lag1,0.001016551279462874,xgboost_exog_past_weather,past_exog_context_only
62,exog_is_weekend_lag24,0.002084809122607112,xgboost_exog_past_weather,past_exog_context_only
62,exog_is_weekend_lag168,0.0015757535584270954,xgboost_exog_past_weather,past_exog_context_only
62,exog_is_weekend_roll24,0.00420714495703578,xgboost_exog_past_weather,past_exog_context_only
62,exog_is_weekend_roll168,0.0,xgboost_exog_past_weather,past_exog_context_only
62,exog_hour_sin_lag1,0.012185233645141125,xgboost_exog_past_weather,past_exog_context_only
62,exog_hour_sin_lag24,0.010646429844200611,xgboost_exog_past_weather,past_exog_context_only
62,exog_hour_sin_lag168,0.012010633945465088,xgboost_exog_past_weather,past_exog_context_only
62,exog_hour_sin_roll24,0.0,xgboost_exog_past_weather,past_exog_context_only
62,exog_hour_sin_roll168,0.0,xgboost_exog_past_weather,past_exog_context_only
62,exog_hour_cos_lag1,0.012209228239953518,xgboost_exog_past_weather,past_exog_context_only
62,exog_hour_cos_lag24,0.011038398370146751,xgboost_exog_past_weather,past_exog_context_only
62,exog_hour_cos_lag168,0.007939241826534271,xgboost_exog_past_weather,past_exog_context_only
62,exog_hour_cos_roll24,0.0,xgboost_exog_past_weather,past_exog_context_only
62,exog_hour_cos_roll168,0.0,xgboost_exog_past_weather,past_exog_context_only
62,exog_dayofweek_sin_lag1,0.002089620567858219,xgboost_exog_past_weather,past_exog_context_only
62,exog_dayofweek_sin_lag24,0.0024182740598917007,xgboost_exog_past_weather,past_exog_context_only
62,exog_dayofweek_sin_lag168,0.003476319368928671,xgboost_exog_past_weather,past_exog_context_only
62,exog_dayofweek_sin_roll24,0.003038520459085703,xgboost_exog_past_weather,past_exog_context_only
62,exog_dayofweek_sin_roll168,0.0,xgboost_exog_past_weather,past_exog_context_only
62,exog_dayofweek_cos_lag1,0.004482961725443602,xgboost_exog_past_weather,past_exog_context_only
62,exog_dayofweek_cos_lag24,0.0056714811362326145,xgboost_exog_past_weather,past_exog_context_only
62,exog_dayofweek_cos_lag168,0.00419458607211709,xgboost_exog_past_weather,past_exog_context_only
62,exog_dayofweek_cos_roll24,0.005458492785692215,xgboost_exog_past_weather,past_exog_context_only
62,exog_dayofweek_cos_roll168,0.0,xgboost_exog_past_weather,past_exog_context_only
62,exog_month_sin_lag1,0.002014446770772338,xgboost_exog_past_weather,past_exog_context_only
62,exog_month_sin_lag24,0.0030367192812263966,xgboost_exog_past_weather,past_exog_context_only
62,exog_month_sin_lag168,0.003683805698528886,xgboost_exog_past_weather,past_exog_context_only
62,exog_month_sin_roll24,0.002018626779317856,xgboost_exog_past_weather,past_exog_context_only
62,exog_month_sin_roll168,0.0034323784057050943,xgboost_exog_past_weather,past_exog_context_only
62,exog_month_cos_lag1,0.001103899092413485,xgboost_exog_past_weather,past_exog_context_only
62,exog_month_cos_lag24,0.0011574417585507035,xgboost_exog_past_weather,past_exog_context_only
62,exog_month_cos_lag168,0.0021562757901847363,xgboost_exog_past_weather,past_exog_context_only
62,exog_month_cos_roll24,0.00143713119905442,xgboost_exog_past_weather,past_exog_context_only
62,exog_month_cos_roll168,0.001590210827998817,xgboost_exog_past_weather,past_exog_context_only
269,lag_t1,0.012235056608915329,xgboost_exog_past_weather,past_exog_context_only
269,lag_t2,0.0022152098827064037,xgboost_exog_past_weather,past_exog_context_only
269,lag_t3,0.0010113215539604425,xgboost_exog_past_weather,past_exog_context_only
269,lag_t6,0.0011818519560620189,xgboost_exog_past_weather,past_exog_context_only
269,lag_t12,0.0027174358256161213,xgboost_exog_past_weather,past_exog_context_only
269,lag_t24,0.4132712185382843,xgboost_exog_past_weather,past_exog_context_only
269,lag_t48,0.12120629101991653,xgboost_exog_past_weather,past_exog_context_only
269,lag_t168,0.3599618673324585,xgboost_exog_past_weather,past_exog_context_only
269,roll_24,0.004407895263284445,xgboost_exog_past_weather,past_exog_context_only
269,roll_168,0.0018347692675888538,xgboost_exog_past_weather,past_exog_context_only
269,exog_temperature_2m_lag1,0.0006249123252928257,xgboost_exog_past_weather,past_exog_context_only
269,exog_temperature_2m_lag24,0.0007251462666317821,xgboost_exog_past_weather,past_exog_context_only
269,exog_temperature_2m_lag168,0.0010915851453319192,xgboost_exog_past_weather,past_exog_context_only
269,exog_temperature_2m_roll24,0.0008250783430412412,xgboost_exog_past_weather,past_exog_context_only
269,exog_temperature_2m_roll168,0.0009240460931323469,xgboost_exog_past_weather,past_exog_context_only
269,exog_relative_humidity_2m_lag1,0.0009572813869453967,xgboost_exog_past_weather,past_exog_context_only
269,exog_relative_humidity_2m_lag24,0.0005406727432273328,xgboost_exog_past_weather,past_exog_context_only
269,exog_relative_humidity_2m_lag168,0.000710981257725507,xgboost_exog_past_weather,past_exog_context_only
269,exog_relative_humidity_2m_roll24,0.0007714915554970503,xgboost_exog_past_weather,past_exog_context_only
269,exog_relative_humidity_2m_roll168,0.0007060431526042521,xgboost_exog_past_weather,past_exog_context_only
269,exog_precipitation_lag1,0.0005382992676459253,xgboost_exog_past_weather,past_exog_context_only
269,exog_precipitation_lag24,0.0005986845935694873,xgboost_exog_past_weather,past_exog_context_only
269,exog_precipitation_lag168,0.0006453301175497472,xgboost_exog_past_weather,past_exog_context_only
269,exog_precipitation_roll24,0.0005804372485727072,xgboost_exog_past_weather,past_exog_context_only
269,exog_precipitation_roll168,0.0006753582856617868,xgboost_exog_past_weather,past_exog_context_only
269,exog_heating_degree_lag1,0.0005212716641835868,xgboost_exog_past_weather,past_exog_context_only
269,exog_heating_degree_lag24,0.0005796386394649744,xgboost_exog_past_weather,past_exog_context_only
269,exog_heating_degree_lag168,0.0007279023993760347,xgboost_exog_past_weather,past_exog_context_only
269,exog_heating_degree_roll24,0.0007476555183529854,xgboost_exog_past_weather,past_exog_context_only
269,exog_heating_degree_roll168,0.0008546532480977476,xgboost_exog_past_weather,past_exog_context_only
269,exog_cooling_degree_lag1,0.0003598197945393622,xgboost_exog_past_weather,past_exog_context_only
269,exog_cooling_degree_lag24,0.000359722733264789,xgboost_exog_past_weather,past_exog_context_only
269,exog_cooling_degree_lag168,0.002557558473199606,xgboost_exog_past_weather,past_exog_context_only
269,exog_cooling_degree_roll24,0.0007175475475378335,xgboost_exog_past_weather,past_exog_context_only
269,exog_cooling_degree_roll168,0.0006571741541847587,xgboost_exog_past_weather,past_exog_context_only
269,exog_hour_lag1,0.004039051942527294,xgboost_exog_past_weather,past_exog_context_only
269,exog_hour_lag24,0.005000157281756401,xgboost_exog_past_weather,past_exog_context_only
269,exog_hour_lag168,0.004373031668365002,xgboost_exog_past_weather,past_exog_context_only
269,exog_hour_roll24,0.0,xgboost_exog_past_weather,past_exog_context_only
269,exog_hour_roll168,0.0,xgboost_exog_past_weather,past_exog_context_only
269,exog_day_of_week_lag1,0.0007455748855136335,xgboost_exog_past_weather,past_exog_context_only
269,exog_day_of_week_lag24,0.0011114022927358747,xgboost_exog_past_weather,past_exog_context_only
269,exog_day_of_week_lag168,0.00176318921148777,xgboost_exog_past_weather,past_exog_context_only
269,exog_day_of_week_roll24,0.000984715181402862,xgboost_exog_past_weather,past_exog_context_only
269,exog_day_of_week_roll168,0.0,xgboost_exog_past_weather,past_exog_context_only
269,exog_month_lag1,0.0010256791720166802,xgboost_exog_past_weather,past_exog_context_only
269,exog_month_lag24,0.0009746943251229823,xgboost_exog_past_weather,past_exog_context_only
269,exog_month_lag168,0.0015435580862686038,xgboost_exog_past_weather,past_exog_context_only
269,exog_month_roll24,0.0007087531266734004,xgboost_exog_past_weather,past_exog_context_only
269,exog_month_roll168,0.0012336198706179857,xgboost_exog_past_weather,past_exog_context_only
269,exog_is_weekend_lag1,3.6514302337309346e-05,xgboost_exog_past_weather,past_exog_context_only
269,exog_is_weekend_lag24,0.0005746689857915044,xgboost_exog_past_weather,past_exog_context_only
269,exog_is_weekend_lag168,0.0,xgboost_exog_past_weather,past_exog_context_only
269,exog_is_weekend_roll24,0.0011749790282920003,xgboost_exog_past_weather,past_exog_context_only
269,exog_is_weekend_roll168,0.0,xgboost_exog_past_weather,past_exog_context_only
269,exog_hour_sin_lag1,0.001398027059622109,xgboost_exog_past_weather,past_exog_context_only
269,exog_hour_sin_lag24,0.0013383491896092892,xgboost_exog_past_weather,past_exog_context_only
269,exog_hour_sin_lag168,0.0012839295668527484,xgboost_exog_past_weather,past_exog_context_only
269,exog_hour_sin_roll24,0.0,xgboost_exog_past_weather,past_exog_context_only
269,exog_hour_sin_roll168,0.0,xgboost_exog_past_weather,past_exog_context_only
269,exog_hour_cos_lag1,0.0035240340512245893,xgboost_exog_past_weather,past_exog_context_only
269,exog_hour_cos_lag24,0.0019583331886678934,xgboost_exog_past_weather,past_exog_context_only
269,exog_hour_cos_lag168,0.0022456988226622343,xgboost_exog_past_weather,past_exog_context_only
269,exog_hour_cos_roll24,0.0,xgboost_exog_past_weather,past_exog_context_only
269,exog_hour_cos_roll168,0.0,xgboost_exog_past_weather,past_exog_context_only
269,exog_dayofweek_sin_lag1,0.0013513087760657072,xgboost_exog_past_weather,past_exog_context_only
269,exog_dayofweek_sin_lag24,0.0008535761153325438,xgboost_exog_past_weather,past_exog_context_only
269,exog_dayofweek_sin_lag168,0.0014001770177856088,xgboost_exog_past_weather,past_exog_context_only
269,exog_dayofweek_sin_roll24,0.0010935068130493164,xgboost_exog_past_weather,past_exog_context_only
269,exog_dayofweek_sin_roll168,0.0,xgboost_exog_past_weather,past_exog_context_only
269,exog_dayofweek_cos_lag1,0.0006944381748326123,xgboost_exog_past_weather,past_exog_context_only
269,exog_dayofweek_cos_lag24,0.001467228401452303,xgboost_exog_past_weather,past_exog_context_only
269,exog_dayofweek_cos_lag168,0.0005855752388015389,xgboost_exog_past_weather,past_exog_context_only
269,exog_dayofweek_cos_roll24,0.0007245194283314049,xgboost_exog_past_weather,past_exog_context_only
269,exog_dayofweek_cos_roll168,0.0,xgboost_exog_past_weather,past_exog_context_only
269,exog_month_sin_lag1,0.002501971321180463,xgboost_exog_past_weather,past_exog_context_only
269,exog_month_sin_lag24,0.0029997644014656544,xgboost_exog_past_weather,past_exog_context_only
269,exog_month_sin_lag168,0.0011792650911957026,xgboost_exog_past_weather,past_exog_context_only
269,exog_month_sin_roll24,0.0014485387364402413,xgboost_exog_past_weather,past_exog_context_only
269,exog_month_sin_roll168,0.001211608643643558,xgboost_exog_past_weather,past_exog_context_only
269,exog_month_cos_lag1,0.0007452680729329586,xgboost_exog_past_weather,past_exog_context_only
269,exog_month_cos_lag24,0.0010851764818653464,xgboost_exog_past_weather,past_exog_context_only
269,exog_month_cos_lag168,0.0014163575833663344,xgboost_exog_past_weather,past_exog_context_only
269,exog_month_cos_roll24,0.001599226612597704,xgboost_exog_past_weather,past_exog_context_only
269,exog_month_cos_roll168,0.0015634974697604775,xgboost_exog_past_weather,past_exog_context_only
